Text_Chunks,Translation_to_SPA
"Hi everybody, it’s your old pal Sarah. I was in the past few months has been a lot of press, a lot of gowns, a lot of things. And I was in a gown. So ridiculous. And I had to wear Spanx under it, not for shapewear reasons. Not that there’s anything wrong with that. But I had to because of thyroid because it was a tight dress. And when I can’t wear a tight, you know, skirt without like, shorts or something because I get thigh rub and it’s real. It like burns like fire. So I was wearing these Spanx, and then they to pee. There’s a slit in the Spanx that up through a hole, right. And I just thought it would be interesting to mention, because when you’re doing it, so I’m like basically holding a gown in my arms. And now kind of have to move it to one arm, like hold everything. And then open up this p whole envelope thing at my crotch. And then I have to have a conversation with myself. Because it feels like you’re peeing with pants on. And your body’s like, no. And I’m like, no trust me. And my body’s like, no there’s pants on. And I go, no, just relax trust me, there’s an opening. And I have to relax and I have to coax my urine out. That’s a lot going on.","Hola a todos, soy tu vieja amiga Sarah. Estuve en los últimos meses ha habido mucha prensa, muchos vestidos, muchas cosas. Y yo estaba en bata. Tan ridiculo. Y tuve que usar Spanx debajo, no por motivos de faja. No es que haya nada malo en eso. Pero tuve que hacerlo por culpa de la tiroides porque era un vestido ajustado. Y cuando no puedo usar una falda ajustada, ya sabes, sin pantalones cortos o algo así, porque me frotan los muslos y es real. Parece que arde como el fuego. Así que llevaba estos Spanx y luego los usaba para orinar. Hay una hendidura en el Spanx que pasa por un agujero, cierto. Y pensé que sería interesante mencionarlo, porque cuando lo haces, básicamente estoy sosteniendo un vestido en mis brazos. Y ahora tengo que moverlo a un brazo, como si sostuviera todo. Y luego abre todo este sobre en mi entrepierna. Y luego tengo que tener una conversación conmigo mismo. Porque se siente como si estuvieras orinando con los pantalones puestos. Y tu cuerpo dice, no. Y yo digo, no confíes en mí. Y mi cuerpo dice, no, hay pantalones puestos. Y yo digo, no, simplemente relájate, confía en mí, hay una oportunidad. Y tengo que relajarme y tengo que sacar mi orina. Están sucediendo muchas cosas."
I have a question. ask you about that.,Tengo una pregunta. preguntarte sobre eso.
"Okay, go on.","Está bien, continúa."
"When you because I’ve never been able to do that. Like, I feel like it still gets everywhere. Like, did you have a clean pee?",Cuando tú porque nunca he podido hacer eso. Siento que todavía llega a todas partes. ¿Tuviste una orina limpia?
"Shockingly, I did because usually my pee comes from I don’t know exactly where but I know at least three to four different places.","Sorprendentemente, lo hice porque normalmente mi orina proviene de no sé exactamente de dónde, pero conozco al menos de tres a cuatro lugares diferentes."
Because my fear with that is like up and then like you’re just sitting with a wet crotch the rest of the night.,Porque mi miedo con eso es como levantarme y luego estar sentado con la entrepierna mojada el resto de la noche.
"Yeah, like sometimes I pee one solid stream. And sometimes it’s like, sprinklers. It’s literally like, am I watering grass in a nearby area? Totally like, yeah. I mean, does that mean there’s because usually if you turn on your faucet and it goes different places, there’s like a clog somewhere that’s like pushing it. So is there a clog in my urethra?","Sí, a veces orino un chorro continuo. Y a veces es como aspersores. Es literalmente como, ¿estoy regando el césped de un área cercana? Totalmente parecido, sí. Quiero decir, ¿eso significa que hay porque generalmente si abres el grifo y va a diferentes lugares, hay como una obstrucción en alguna parte que es como empujarlo? Entonces, ¿hay una obstrucción en mi uretra?"
"Well, I’m sure this is a clinical reason, but it’s probably because your labia is like stuck together and it’s just bouncing.","Bueno, estoy seguro de que esto es una razón clínica, pero probablemente se deba a que tus labios vaginales están pegados y simplemente rebotan."
"Oh my god, wait. So if I pull open, my vulva, my labia majora, open that’s the sound it makes. It should be a single stream. But uh, you know if you’re I know what you mean when your lips are kind of sealed from like this. Like the I can picture like pee coming in almost like going straight to the back before like opening up. She’s dying. We have fun here at the Sarah Silverman podcast.","Dios mío, espera. Entonces, si abro, mi vulva, mis labios mayores, abro, ese es el sonido que hace. Debería ser una sola corriente. Pero, sabes, si lo eres, sé a qué te refieres cuando tus labios están sellados de esta manera. Puedo imaginarme como si la orina entrara casi como si fuera directamente hacia atrás antes de abrirse. Ella se está muriendo. Nos divertimos aquí en el podcast de Sarah Silverman."
The moral is it’s so much easier to pee when you’re a man it is period.,La moraleja es que es mucho más fácil orinar cuando eres hombre y punto.
"And you know, I remember years ago, I bought something online that was that you could stand up and pee for women. It was like, like a cup that you put over your vulva and then it comes out like basically like a makeshift penis. And you can stand in pee, and I used it, I remember I was at Jessica’s friend’s house. We were watching the oddly like the man show, season something Premiere or whatever. I don’t know why I remember that. And I go, oh, I’m gonna use my standing pee thing. And I used it, and it worked. But it made me feel so weird. Like I was just by myself, you know, maybe just gotta look to little.","Y sabes, recuerdo que hace años compré algo en línea que permitía a las mujeres ponerse de pie y orinar. Era como una copa que te pones sobre la vulva y luego sale básicamente como un pene improvisado. Y puedes pararte para orinar, y lo usé, recuerdo que estaba en la casa de una amiga de Jessica. Estábamos viendo el programa extraño como el hombre, la temporada, el estreno o lo que sea. No sé por qué recuerdo eso. Y digo, oh, voy a usar mi cosa de orinar de pie. Y lo usé y funcionó. Pero me hizo sentir muy raro. Como si estuviera solo, ya sabes, tal vez solo tenga que mirar un poco."
Is it like a funnel?,¿Es como un embudo?
"It’s like a funnel basically, it’s a funnel. And you’d think oh, great. Gonna have it in cars gonna have it. I’m gonna have it for you know, whatever, it’s like if you go to a concert if you go to, because guys don’t realize like when you have to sit, and you’re like, it’s fun to go to a dingy dive bar until you’re a woman and you have to pee. It’s like a whole process.","Básicamente es como un embudo, es un embudo. Y pensarías oh, genial. Lo tendremos en los coches. Lo tendremos. Lo tendré para que ya sabes, lo que sea, es como si fueras a un concierto si vas, porque los chicos no se dan cuenta cuando tienes que sentarte, y piensas, es divertido ir a un bar sucio hasta que eres mujer y tienes que orinar. Es como todo un proceso."
I’m a two seat cover kind of girl over here.,Soy una chica del tipo que cubre dos asientos por aquí.
"Needless to say, we I think even the audience knows this.",No hace falta decir que creo que incluso el público lo sabe.
"Which is why, Chicago O’Hare Airport is the best place so good to be.","Por eso, el Aeropuerto O’Hare de Chicago es el mejor lugar para estar."
"That’s the one where you press the button and it it’s a brand new like, covered in a bag.","En ese es en el que presionas el botón y es como nuevo, cubierto en una bolsa."
Yes.,Sí.
It’s why don’t they do that everywhere? Why is it every airport this way?,¿Por qué no hacen eso en todas partes? ¿Por qué todos los aeropuertos son así?
But then I also know they say like seat seats are like the cleanest?,Pero también sé que dicen que los asientos son los más limpios.
"Yes, the seats I sit down like I just sat down on the seat here, it’s immaculate.","Sí, los asientos en los que me siento como si me acabara de sentar aquí, están impecables."
"Yeah, that’s not ever gonna be me.","Sí, ese nunca seré yo."
"Yeah, I know. But like tushy cheeks aren’t dirty.",Si lo se. Pero como si las mejillas con tus traseros no estuvieran sucias.
"I know, but that’s that’s yours. I mean, we could probably make an argument that tushy cheeks are incredibly dirty, depending on how well someone’s wiping.","Lo sé, pero eso es tuyo. Quiero decir, probablemente podríamos argumentar que las mejillas con traseros están increíblemente sucias, dependiendo de qué tan bien se limpie alguien."
"Oh, god, yeah, if you shit it on your ass cheeks, your there’s you’ve got more problems. I’m guessing, there’s no way your only problem in life is you smear shit on your ass cheeks when you wipe God. Anyway, let’s take some calls.","Oh, Dios, sí, si te lo cagas en las nalgas, tendrás más problemas. Supongo que no hay forma de que tu único problema en la vida sea que te untes mierda en las nalgas cuando limpias a Dios. De todos modos, atendamos algunas llamadas."
"Hi, Sarah, this is Kelly and I was hoping to ask you your opinion on long term goals. I am a small business owner, 44 years old. And I wanted to know how you approach long term goals. Because to me, they’re kind of moot because we’re not in control of everything so I look to the future. I know, like by 64, I would want to sell my business or retire. It’s like 20 years. But then I think about like all the stuff that can happen and 20 years, especially with how unstable everything is right now. So I struggle with developing those long term goals. And then I even struggle with the short term goals to get me to that long term goal, if that makes any sense. Yeah, I just wanted to get your opinion on that. And see how you as a business owner and media personality and fantastic person all around if you have any advice for that, because you have great advice, and thank you so much for all your wonderful entertaining, comedy and advice. It is something that I look forward to every Thursday morning when I’m walking my dog, Biscuit. So thanks so much, and hope to hear from you soon.","Hola, Sarah, soy Kelly y esperaba pedirte tu opinión sobre los objetivos a largo plazo. Soy propietario de una pequeña empresa, tengo 44 años. Y quería saber cómo abordas los objetivos a largo plazo. Porque para mí son un poco discutibles porque no tenemos el control de todo, así que miro hacia el futuro. Sé que, cuando tenga 64 años, me gustaría vender mi negocio o jubilarme. Son como 20 años. Pero luego pienso en todas las cosas que pueden pasar en 20 años, especialmente en lo inestable que es todo ahora. Por eso me cuesta desarrollar esos objetivos a largo plazo. Y luego incluso lucho con las metas a corto plazo para llegar a la meta a largo plazo, si eso tiene algún sentido. Sí, sólo quería saber tu opinión sobre eso. Y vea cómo usted, como propietario de un negocio, personalidad de los medios y persona fantástica, tiene algún consejo al respecto, porque tiene excelentes consejos y muchas gracias por todo su maravilloso entretenimiento, comedia y consejos. Es algo que espero con ansias todos los jueves por la mañana cuando salgo a pasear a mi perro, Biscuit. Muchas gracias y espero tener noticias tuyas pronto."
"Hi Biscuit, you gonna walk? You gonna walk? Hey, biscuit. I just want you to play that for Biscuit. I wouldn’t say I’m goalless. But I always struggle with this because they never think about like, I want to do this in the next five years or I want to […] but I mean, I think because I’ve really come to a place where I fully understand and accept that I’ve never been able to predict the future and will never be able to predict the future so that helps me with anxiety, you know, just not trying to predict the future not trying to worry, tell myself horror stories about how that’s going to unfold because we just never know, we’ve never been able to know, you’ve never been able to predict anything your life. And neither have I. But in terms of long term goals, I mean things that I’ve said to friends, you know, who asked, I would say, make a plan, like you have 20 more years of your business and then retire, you’re making a long term goal. And then you follow that plan, follow that plan until it no longer serves you if you know there’s gonna, it’s either going to, you’re going to see it through through fruition and everything will go as planned, and more likely other things will happen, life will happen that will take you in a different direction and you’ll make a new plan. You know, I mean, goals are great, but it’s of course the road getting to those goals, that is the stuff of life, you have to hopefully enjoy that stuff. You know, because the goal either comes or doesn’t, you know, but the road get going there should be your joy, you know, obviously, like, maybe your joy isn’t working at all, you know, is not having a job or not having a business but you need to, you know, also being responsible for your happiness includes, you know, taking care of yourself financially so obviously it’s a mix of all those things. But um, you know, you got a long term goal. You have a plan to get there and follow that plan unless and until it doesn’t serve you anymore and then you make a new one. I don’t know what else? What other advice I can give along that but it sounds like you’re you’re doing great. But you know, I mean, not fulfilling a goal isn’t necessarily failure and failure isn’t even necessarily bad. So control what you can control and be on the edge of your seat for the rest of it. Good luck, what else?","Hola Biscuit, ¿vas a caminar? ¿Vas a caminar? Oye, galleta. Sólo quiero que toques eso para Biscuit. No diría que no tengo goles. Pero siempre lucho con esto porque nunca piensan en: quiero hacer esto en los próximos cinco años o quiero […] pero quiero decir, creo que porque realmente he llegado a un lugar donde entiendo completamente y Aceptar que nunca he podido predecir el futuro y que nunca podré predecir el futuro, eso me ayuda con la ansiedad, ya sabes, simplemente no intentar predecir el futuro, no intentar preocuparme, contarme historias de terror sobre cómo es eso. se va a desarrollar porque simplemente nunca lo sabemos, nunca hemos podido saberlo, nunca has podido predecir nada en tu vida. Y yo tampoco. Pero en términos de objetivos a largo plazo, me refiero a cosas que les he dicho a amigos, ya sabes, que me pidieron, yo diría, hacer un plan, como si tuvieras 20 años más de tu negocio y luego jubilarte. , estás estableciendo un objetivo a largo plazo. Y luego sigues ese plan, sigues ese plan hasta que ya no te sirva, si sabes que lo hará, lo llevarás a cabo y todo saldrá según lo planeado, y lo más probable es que otras cosas sucedan. sucederá, sucederá una vida que te llevará en una dirección diferente y harás un nuevo plan. Ya sabes, quiero decir, las metas son geniales, pero, por supuesto, es el camino para alcanzar esas metas, esa es la esencia de la vida, con suerte hay que disfrutarlas. Ya sabes, porque la meta llega o no llega, ya sabes, pero el camino para llegar allí debería ser tu alegría, ya sabes, obviamente, tal vez tu alegría no esté funcionando en absoluto, ya sabes, es no tener un trabajo o no tener un negocio, pero lo necesitas, ya sabes, también ser responsable de tu felicidad incluye, ya sabes, cuidarte financieramente, así que obviamente es una combinación de todas esas cosas. Pero ya sabes, tienes un objetivo a largo plazo. Tienes un plan para llegar allí y seguir ese plan a menos y hasta que ya no te sirva y luego creas uno nuevo. ¿No sé qué más? ¿Qué otro consejo puedo darte? Parece que lo estás haciendo muy bien. Pero ya sabes, quiero decir, no cumplir una meta no es necesariamente un fracaso y el fracaso ni siquiera es necesariamente malo. Así que controla lo que puedas controlar y mantente al borde de tu asiento durante el resto. Buena suerte, ¿qué más?"
"I Sarah, what would be your favorite deep cut of yours? Like someone a fan passes you on the street? And they say, oh my god, I loved you in what’s the thing someone could say they saw and loved you and or like heard you in or knew that you were involved with that would make you most jazzed about that fun interaction?","Yo, Sarah, ¿cuál sería tu corte profundo favorito? ¿Como si un fan se cruzara contigo en la calle? Y dicen, oh Dios mío, te amé en ¿qué es lo que alguien podría decir que te vio y amó o que te escuchó o supo que estabas involucrado en eso que te entusiasmaría más con esa interacción divertida?"
"Well, it’s, you know, again, I like that I do odd jobs, and it’s just funny. The way people know me like there are certain people that know me from Star Trek Voyager. And then there are people that only know me from Howard Stern. And then there are people that know me from like, Monk. And then there are people that are like, I was at Canter’s the other day, and the waitress goes, and I counters it’s like, I love counters all the waitresses are like, waitress all the servers sorry, are like 78 you know? But she goes, are you who you are? Are you who I think you are? And I go I maybe she goes, where are you the one from Marry Me? I was like, oh, yeah, I was in that movie. I guess I was like a friend and then movie. There are also people who know me, there are people just know me from stand up. So they just go oh, she’s really dirty, or she’s really blue. And then there’s people who know me, like I said from like, Monk, and they go, Oh, this is the one from Monk will go see her live and then they’re horrified. You know, there’s also people who who will reference. This is a deep cut is the way of the gun, which is a movie that I’m in just the first scene before the credits. And my character’s name, which I didn’t know until I saw it. And they it says just as raving bitch. But I get beat up by a lovely Ryan Philippi. And it’s a really dark, great movie. I think it’s Christopher McQuarrie, his first movie that he directed, but um, that was one of the three times I was punched in the face, because the other ones were more on purpose. But Ryan beats me up and we of course, you know, practice and we’re taught how to do it and everything. And I know, this sounds like a you know, I don’t mean to blame myself, but I think I’m I maybe I leaned in or something, whatever. But he fully connected, knocked to me off my feet. By the time I opened my eyes, I probably would have cried. But um, he was already crying. I think I’ve already told the story. So I was immediately like, it’s okay. He felt awful but it was cool. I had a huge like black and blue egg on my jaw. And that I believe that was the tape they used. And if not, they actually use the sound from it cracking my job because you can hear it. But that’s a good one. That’s a deep cut for sure.","Bueno, ya sabes, una vez más, me gusta hacer trabajos ocasionales y es simplemente divertido. La forma en que la gente me conoce es que hay ciertas personas que me conocen de Star Trek Voyager. Y luego hay gente que sólo me conoce de Howard Stern. Y luego hay gente que me conoce, como Monk. Y luego hay gente que dice, estuve en Canter's el otro día, y la camarera va, y yo contesto, me encantan los mostradores, todas las camareras son, camarera, todos los camareros lo siento, son como 78, ¿sabes? Pero ella dice, ¿eres tú quien eres? ¿Eres quien creo que eres? Y yo voy y tal vez ella vaya, ¿dónde estás tú, el de Marry Me? Pensé, oh, sí, estuve en esa película. Supongo que era como un amigo y luego una película. También hay gente que me conoce, hay gente que me conoce simplemente de pie. Entonces simplemente dicen: ""Está muy sucia o está muy azul"". Y luego hay gente que me conoce, como dije de Monk, y dicen: Oh, esta es la de Monk, irá a verla en vivo y luego se horrorizan. Ya sabes, también hay personas que harán referencia. Este es un corte profundo en The Way of the Gun, que es una película en la que estoy justo en la primera escena antes de los créditos. Y el nombre de mi personaje, que no supe hasta que lo vi. Y ellos dicen igual de perra delirante. Pero un encantador Ryan Philippi me golpea. Y es una gran película realmente oscura. Creo que es Christopher McQuarrie, la primera película que dirigió, pero um, esa fue una de las tres veces que me golpearon en la cara, porque las otras fueron más a propósito. Pero Ryan me golpea y, por supuesto, ya sabes, practicamos y nos enseñan cómo hacerlo y todo. Y lo sé, esto suena como, ya sabes, no quiero culparme a mí mismo, pero creo que tal vez me incliné o algo así, lo que sea. Pero él conectó completamente y me derribó. Cuando abrí los ojos, probablemente habría llorado. Pero bueno, ya estaba llorando. Creo que ya he contado la historia. Entonces pensé inmediatamente, está bien. Se sintió fatal pero fue genial. Tenía un enorme huevo negro y azul en la mandíbula. Y esa creo que esa fue la cinta que usaron. Y si no, en realidad usan el sonido que genera para romper mi trabajo porque puedes escucharlo. Pero esa es buena. Seguro que es un corte profundo."
"Hi, Sarah, my name is Emily. I nine years old. And I really want to be an actor. My mom doesn’t know if he wants me to do it. Because he said actor kids are spoiled brats. My question is, do you ever work with kids? And it’s my mom, right?","Hola Sara, mi nombre es Emily. Yo tengo nueve años. Y tengo muchas ganas de ser actor. Mi mamá no sabe si quiere que lo haga. Porque dijo que los niños actores son unos mocosos mimados. Mi pregunta es, ¿alguna vez trabajas con niños? Y es mi mamá, ¿verdad?"
"Hey, Sarah, is your friend Mark, longtime fans love your comedy. I think we’re getting better every year. Please don’t ever stop.","Hola, Sarah, soy tu amigo Mark. A los fans de toda la vida les encanta tu comedia. Creo que estamos mejorando cada año. Por favor, nunca te detengas."
"Thanks, Mark.","Gracias, Marcos."
"Just listened to your recent podcast with the call from the listener who’s having trouble with gas as a result of a botched surgery some 47 years ago. And yeah, that’s a tricky one. But at the end of your little segment on this, you said I’m sure my listeners will be calling in and well, I’m one of them.","Acabo de escuchar su reciente podcast con la llamada de un oyente que tiene problemas con los gases como resultado de una cirugía fallida hace unos 47 años. Y sí, esa es complicada. Pero al final de tu pequeño segmento sobre esto, dijiste: Estoy seguro de que mis oyentes te llamarán y bueno, yo soy uno de ellos."
"Oh, good.",Oh Dios.
"I googled the problem and found a solution at least a partial solution. And that is a product called tootles TOOTLES thought it was a funny name. And I knew it would resonate with you […] it is underwear both for men and women that has a charcoal filter built into the back. I don’t think it’ll handle the noise aspect. But it should certainly address the smell. So if she could manage to adjust her rump in a way to minimize the vibration, then tootles should take care of the rest. I hope this helps love you.","Busqué en Google el problema y encontré una solución, al menos parcial. Y ese es un producto llamado Tootles. A TOOTLES le pareció un nombre gracioso. Y sabía que resonaría en ti […] es ropa interior tanto para hombres como para mujeres que tiene un filtro de carbón incorporado en la parte posterior. No creo que aguante el aspecto del ruido. Pero ciertamente debería abordar el olor. Entonces, si ella pudo ajustar su trasero de manera que minimizara la vibración, entonces Tootles debería encargarse del resto. Espero que esto ayude a amarte."
"You know, I was sent a link to charcoal underwear by Jimmy Kimmel years ago and he’s like, dude, you should get this first of all, I don’t pass much gas and if I do, it never smells. If it does, it’s maybe because I’m like really sick or something like but it doesn’t, you know, but anyway, not that there’s anything wrong with that. But that was always like a thing with him and me he would anyway that’s ridiculous. I don’t do that. But um I so I am a little bit familiar with her charcoal underwear, it doesn’t muffle any sound. It’s just that the smelly air passes through it and the charcoal like cleans the smell or something. That’s not the technical answer, obviously. Anyway, thanks Mark, Tootles underwear. I don’t know if it’s, she didn’t mention it smelling but that’s definitely a good to know. All right, what else?","Sabes, Jimmy Kimmel me envió un enlace a ropa interior de carbón hace años y me dijo, amigo, primero deberías conseguir esto, no expulso muchos gases y, si lo hago, nunca huele. Si es así, es tal vez porque estoy muy enfermo o algo así, pero no es así, ya sabes, pero de todos modos, no es que haya nada malo en eso. Pero eso siempre fue algo entre él y yo. De todos modos, eso es ridículo. Yo no hago eso. Pero estoy un poco familiarizado con su ropa interior color carbón, no amortigua ningún sonido. Es solo que el aire maloliente pasa a través de él y el carbón limpia el olor o algo así. Obviamente, esa no es la respuesta técnica. De todos modos, gracias Mark, ropa interior de Tootles. No sé si lo es, ella no mencionó el olor, pero definitivamente es bueno saberlo. Muy bien, ¿qué más?"
"I Sarah, my name is John and I’m calling I just listened to your episode being girlfriend roof, roof feed, and I was very title running to the caller who was having what’s called fecal incontinence due to an accident and the seven days. It’s very common and it’s horrible that she has to think endure this alone, I too had the same problem due to radiation from lymphoma located in my lower region. I was put in touch with a colorectal doctor and he did something called a neuromodulation stimulator. And what it’s doing is it retrained, think of like those nerves, it’s the sacral nerve. And when the sacral nerve is damaged, think of it like a plant that is frozen at winter and it just dies back and when it gets to a certain level of dying back, it no longer works and you develop those type of symptoms. But the neuro modulator stimulator go stimulator is a surgically implanted device very similar to like a pacemaker for your heart. It’s a pacemaker for your poop, and it stimulates the sacral nerves, and I had 100% success with it and now I go about life not looking for a bathroom or.","Yo, Sarah, mi nombre es John y estoy llamando. Acabo de escuchar tu episodio sobre el techo de la novia, la alimentación del techo, y estaba muy interesado en dirigirme a la persona que llamó y que tenía lo que se llama incontinencia fecal debido a un accidente y a los siete días. Es muy común y es horrible que ella tenga que pensar aguantar esto sola, yo también tuve el mismo problema por la radiación de un linfoma localizado en mi región inferior. Me pusieron en contacto con un médico colorrectal y me hizo algo llamado estimulador de neuromodulación. Y lo que está haciendo es volver a entrenarlo, piense en esos nervios, es el nervio sacro. Y cuando el nervio sacro está dañado, piense en él como una planta que se congela en invierno y simplemente muere y cuando llega a un cierto nivel de muerte, ya no funciona y desarrolla ese tipo de síntomas. Pero el estimulador neuromodulador go stimulator es un dispositivo implantado quirúrgicamente muy similar a un marcapasos para el corazón. Es un marcapasos para tu caca y estimula los nervios sacros, tuve 100% de éxito con él y ahora sigo con la vida sin buscar un baño o."
"We should sacral nerves stimulator wonder if that’s covered by insurance, it certainly shouldn’t be for her. Sacral nerve stimulation is covered for the treatment of urinary urge incontinence urgency frequency syndrome and urinary retention. No but oh and fecal incontinence, incontinence? Is it covered by insurance? For ongoing therapy, the cost of the sacral nerve stimulation surgical implant was $22,970. Well, we should let her know about it. Maybe her insurance covers it. God, insurance, this whole racket of health care Gosh, darn it. I don’t want to get into it but anyway, thank you, John, for calling in. Let’s pass that information on. We have another one about this passing gas. Let’s see.","Deberíamos preguntarnos si eso está cubierto por el seguro, ciertamente no debería serlo para ella. La estimulación del nervio sacro está cubierta para el tratamiento del síndrome de frecuencia de urgencia y de incontinencia urinaria de urgencia y la retención urinaria. No pero ah y la incontinencia fecal, ¿incontinencia? ¿Está cubierto por el seguro? Para la terapia en curso, el costo del implante quirúrgico de estimulación del nervio sacro fue de $22,970. Bueno, deberíamos hacérselo saber. Quizás su seguro lo cubra. Dios, seguros, todo este escándalo de la atención médica. Dios, maldita sea. No quiero entrar en detalles, pero de todos modos, gracias John por llamarnos. Pasemos esa información. Tenemos otro sobre este gas que pasa. Vamos a ver."
"Hey, Sarah, my name is Zoey. I first time caller. I just love and appreciate you so much. I have so many things to say. But specifically, I just listened to the episode about the lady who has you know, unintentional farts, and it sounds like.","Hola, Sarah, mi nombre es Zoey. Llamo por primera vez. Simplemente te amo y te aprecio mucho. Tengo tantas cosas que decir. Pero específicamente, acabo de escuchar el episodio sobre la dama que, ya sabes, se tira pedos involuntarios, y suena así."
Everyone’s way of describing it.,La forma que cada uno tiene de describirlo.
"And I guess I was thinking what she could say would be something like I have a medical problem, that’s likely to happen again. Because we’re human, it’s okay to laugh and say it in a serious way so it’s not like you’re really inviting laughter but just taking the forbidden aspect out of the laughter makes it actually live maybe less likely to happen. And just that we can all move on from that. I’m a nurse, I’m a hospice nurse. I just want to thank you so much from deep deep in my heart from for sharing your experiences with your the death of your dad and your stepmom there was so there was so much that so much I’m thankful for. And also last episode, I was, you talked about hearing loss. You talked about poor eyesight. I think you’ve met mentioned granny panties. There was some other very geriatric topic, and I’m I’m myself I’m 47 and I’m just so happy that to be you know, going through this time of life with you, thanks.","Y supongo que estaba pensando que lo que ella podría decir sería algo así como que tengo un problema médico, que es probable que vuelva a suceder. Debido a que somos humanos, está bien reír y decirlo de manera seria, así que no es como si realmente estuvieras provocando la risa, pero simplemente quitar el aspecto prohibido de la risa hace que sea realmente vivo y tal vez sea menos probable que suceda. Y simplemente todos podemos seguir adelante a partir de eso. Soy enfermera, soy enfermera de cuidados paliativos. Solo quiero agradecerte mucho desde lo más profundo de mi corazón por compartir tus experiencias con la muerte de tu papá y tu madrastra, hubo tantas cosas por las que estoy agradecido. Y también en el último episodio hablaste sobre la pérdida de audición. Hablaste de problemas de visión. Creo que conociste las bragas de abuela mencionadas. Hubo otro tema muy geriátrico, y yo soy yo mismo, tengo 47 años y estoy muy feliz de poder estar, ya sabes, pasando por este momento de la vida contigo, gracias."
"I love that, it’s like it is true. It’s like we’re all like everyone in our age group is like going through it together, it’s like I remember hearing about like, Steve Martin and Martin Short and or like a bunch of comedians that all scheduled their colonoscopies like on the same day and then did prep together and played poker and just took turns like running to the bathroom together. And I just like it’s so there’s something very sweet about that.","Me encanta, es como si fuera verdad. Es como si todos en nuestro grupo de edad estuvieran pasando por esto juntos, es como si recordara haber oído hablar de Steve Martin y Martin Short y/o de un grupo de comediantes que programaron sus colonoscopias para el mismo día y Luego se prepararon juntos y jugaron al póquer y simplemente se turnaron para correr juntos al baño. Y simplemente me gusta, hay algo muy dulce en eso."
"Hi, Sarah. I’m calling again from Barcelona. My name is Presley. Soy artista, and my previous question was about your famous dish that you would cook you may be featured in my cookbook, Sarah Silverman, very random great not special. My next question is I’m currently drawing a series based on Legendary establishments around the world. I was in LA over Christmas and I, I drew a few places for example, in of the sevens array, Casa Vega, El Compadre […] set Tower Hotel and I just wanted to know what is a legendary bar or restaurant to you? Where is the most legendary spot that I can draw in LA? Thanks a lot, bye.","Hola Sarah. Vuelvo a llamar desde Barcelona. Mi nombre es Presley. Soy artista, y mi pregunta anterior fue sobre tu famoso plato que cocinarías. Quizás aparezca en mi libro de cocina, Sarah Silverman, muy aleatorio, genial, no especial. Mi siguiente pregunta es que actualmente estoy dibujando una serie basada en establecimientos legendarios de todo el mundo. Estuve en Los Ángeles durante la Navidad y dibujé algunos lugares, por ejemplo, en el grupo Sevens, Casa Vega, El Compadre […] en el Tower Hotel y solo quería saber qué es para ti un bar o restaurante legendario. ¿Dónde está el lugar más legendario que puedo dibujar en Los Ángeles? Muchas gracias, adios."
"I mean LA is so many things, but for some reason I thought of Joan’s on Third just because I do think its aesthetic is so beautiful and I could see it drawn but Joan’s on Third is the restaurant on on third Street and it’s it’s just beautiful. It’s like there isn’t even a lot of can eat there but it’s so good. It’s just beautiful. It looks like it looks like the kitchen in every Nancy Meyers movie like I have to believe she bases her kitchens, her movie kitchens on Joan’s on Third there’s something about it, that’s like so reminds me of of any, any characters like gorgeous kitchen and a Nancy Meyers movie. Do you know what I mean? Amy?","Quiero decir, Los Ángeles es tantas cosas, pero por alguna razón pensé en Joan's on Third solo porque creo que su estética es muy hermosa y pude verlo dibujado, pero Joan's on Third es el restaurante en Third Street y es simplemente hermoso. . Es como si ni siquiera hubiera muchas latas de comer allí, pero es muy bueno. Es simplemente hermoso. Parece que se parece a la cocina de todas las películas de Nancy Meyers. Tengo que creer que ella basa sus cocinas, las cocinas de sus películas en Joan's on Third. Hay algo en ello que me recuerda a cualquier personaje, como Gorgeous Kitchen y una película de Nancy Meyers. ¿Sabes lo que quiero decir? ¿Amy?"
"Yeah, I love that idea. And I could add a few.","Sí, me encanta esa idea. Y podría agregar algunos."
"Go on, yeah. Amy born and raised LA. So she would mean.","Continúe, sí. Amy nació y creció en Los Ángeles. Entonces ella querría decir."
"You mentioned Cantor’s, which is obviously a staple.","Mencionaste Cantor's, que obviamente es un alimento básico."
"Can’t wait, did I mentioned Cantor’s?","No puedo esperar, ¿mencioné el de Cantor?"
You mentioned in an answering another question when you said you were at Cantor.,Mencionaste al responder otra pregunta cuando dijiste que estabas en Cantor.
"Oh, yeah, Canter’s, God.","Oh, sí, Canter's, Dios."
"I would say any of the delis like a Nate now, a Canter’s. I also would say that LA Los Angeles is known for its Googy establishments, which is like a mid century kind of like the way that norms looks or those old diners.","Yo diría que cualquiera de las delicatessen ahora es como un Nate, un Canter's. También diría que Los Ángeles es conocido por sus establecimientos Googy, que son como de mediados de siglo, parecidos a la apariencia de las normas o de esos viejos comensales."
And there’s Johnny’s that’s basically just for films.,"Y está Johnny's, que es básicamente solo para películas."
"But there’s the one that’s over on the way to the airport. That’s a really cool one. And there’s quite a few diners that still exist, I would say the original Bob’s Big Boy, in Burbank.","Pero está el que está camino al aeropuerto. Esa es realmente genial. Y todavía existen bastantes restaurantes, yo diría que el Bob's Big Boy original, en Burbank."
"God, you’re killing this.","Dios, estás matando esto."
"Something to maybe look at. I mean, that’s just restaurants, and then in terms of bars, you know, some of the oldest bars are.","Algo que quizás mirar. Quiero decir, son solo restaurantes, y luego, en términos de bares, ya sabes, algunos de los bares más antiguos lo son."
The Formosa?,¿La Formosa?
"The Formosa or the Trocadero, which is like from the 20s. I would also argue like the Comedy Store, which is, you know, been around since the 20s, when it was cero or ciros. There’s a lot of like, historic stuff on Sunset Boulevard and old buildings that you if you drive by, you wouldn’t even notice that they were old, like like the gill Turner’s for example, that liquor store that’s like on the corner.","El Formosa o el Trocadero, que es como de los años 20. También diría que Comedy Store, que, ya sabes, existe desde los años 20, cuando era cero o ciros. Hay muchas cosas históricas en Sunset Boulevard y edificios antiguos que, si pasas por allí, ni siquiera te darías cuenta de que son viejos, como Gill Turner's, por ejemplo, esa licorería que está en la esquina."
On Sunset?,¿Al atardecer?
"So I don’t know there’s quite a few cool places like old divey bars, like there was a place near where Kennedy, R F. Kennedy was shot. And it’s called the HMS bounty. It’s one of the oldest bars is kind of near Cape Town. It’s a really cool place, and then you know, there’s like Felipe downtown and there’s a lot of cool places downtown Langurs, I try to look at Langurs, too, which is an old school Deli.","Así que no sé, hay bastantes lugares interesantes, como viejos bares de mala muerte, como si hubiera un lugar cerca de donde le dispararon a Kennedy, R F. Kennedy. Y se llama recompensa del HMS. Es uno de los bares más antiguos que se encuentra cerca de Ciudad del Cabo. Es un lugar realmente genial, y luego, ya sabes, está Felipe en el centro y hay muchos lugares interesantes en el centro de Langurs. También trato de mirar a Langurs, que es una tienda de delicatessen de la vieja escuela."
"Oh my god, this is the best answer ever given on this podcast.","Dios mío, esta es la mejor respuesta jamás dada en este podcast."
"Wow, thank you. I’m Angelina proud Angelina and a historic preservation Commissioner West Hollywood so.","Wow gracias. Soy Angelina, Angelina orgullosa y comisionada de preservación histórica de West Hollywood."
That’s right.,Así es.
Very invested in preserving old Hollywood.,Muy interesado en preservar el viejo Hollywood.
"I love it. Yeah, there is so much even just like the Du-par’s at the grove. That old Farmers Market.","Me encanta. Sí, hay muchas cosas como las de Du-par en el bosque. Ese viejo mercado de agricultores."
"Absolutely, Du-par’s,  is like a very untouched I mean, it’s still got those maroon booths. And and the farmers market itself is would be equally as good.","Absolutamente, Du-par's, es como un lugar muy intacto, quiero decir, todavía tiene esas cabinas granate. Y el mercado de agricultores en sí sería igualmente bueno."
"Yeah, Bob’s donuts. Well, we we watched Bosch or I was away and Rory watched Bosch. I had watched it because I just like needed something to why it’s good. And dad’s love Bosch, but um, Rory, when he moved out here I was then on you know, working out of town for like three months and he watched Bosch and then like went to all the LA because it takes place in LA and he’ll be like, this was the best I went to so and so’s the hole in the wall where you get the best bagels in LA or whatever. And he would go to all of those like Bosch tour. All right, what else?","Sí, las donas de Bob. Bueno, cuidábamos a Bosch o yo estaba fuera y Rory observaba a Bosch. Lo había visto porque simplemente necesitaba algo que explicara por qué es bueno. Y a papá le encanta Bosch, pero, Rory, cuando se mudó aquí yo estaba entonces, ya sabes, trabajando fuera de la ciudad durante unos tres meses y él vio a Bosch y luego se fue a todo Los Ángeles porque tiene lugar en Los Ángeles y él Seré como, este fue el mejor lugar al que fui y ese es el agujero en la pared donde consigues los mejores bagels de Los Ángeles o lo que sea. Y él iría a todas esas giras como las de Bosch. Muy bien, ¿qué más?"
"Hello, Sarah, my name is Yasmine, everyone calls me Yas. I work for a beauty company in Canada that’s also very popular in America. Black and white stripes if you get my drift. I don’t actually even know if I can legally say I worked there but whatever. You were talking about stamp eyeliner. The brand is called Kaja, KAJA, and they make this like really, really cute little Stampee. And you just do it a little corner of your eye and a little wing and it’s part Perfect and adorable and cute and it’s all one thing and it’s from a Korean company called Kaja. They also make really cute little blushes that are little compacts and bento box face products as well. They’re just adorable. So I hope that helps. Love you girl, you don’t even make up anyways, yeah.","Hola Sarah, mi nombre es Yasmine, todos me llaman Yas. Trabajo para una empresa de belleza en Canadá que también es muy popular en Estados Unidos. Rayas blancas y negras, si me entiendes. En realidad ni siquiera sé si puedo decir legalmente que trabajé allí, pero da igual. Estabas hablando del delineador de ojos con sello. La marca se llama Kaja, KAJA, y lo hacen como un pequeño Stampee realmente lindo. Y simplemente lo haces con el rabillo del ojo y una pequeña ala y es parte Perfecto, adorable y lindo, y es todo una cosa y es de una empresa coreana llamada Kaja. También hacen pequeños rubores realmente lindos que son pequeños compactos y también productos para el rostro de caja bento. Son simplemente adorables. Así que espero que eso ayude. Te amo niña, de todos modos ni siquiera te maquillas, sí."
"I wrap things. Yes, I think I saw that, or did you send that to me, it’s me. It’s like, it gives you the the cat I corner little triangle and then you fill in the rest. But the part that you fill in the rest is the part that I have the problem with, which is like staying on the line above my eyelid, you know, and like making a thick line.","Envuelvo cosas. Sí, creo que vi eso, o me lo enviaste, soy yo. Es como si te diera el pequeño triángulo del gato que arrinco y luego completas el resto. Pero la parte que completas el resto es la parte con la que tengo el problema, que es como permanecer en la línea sobre mi párpado, ya sabes, y como hacer una línea gruesa."
"So usually, I mentioned that there was like a stamp when you mentioned it on the last show, but what you can do is just do like a dark shadow, so that it’s sort of a little smoky and then just use that stamp at the end.","Por lo general, mencioné que había como un sello cuando lo mencionaste en el último programa, pero lo que puedes hacer es simplemente hacerlo como una sombra oscura, para que tenga un poco de humo y luego usar ese sello al final. ."
"Oh, that’s what I started doing is I put like, I use like a dark shadow instead of a pencil and it’s just like you can mess it up a little more and then you just fix it with the Q tip.","Oh, eso es lo que comencé a hacer: puse una sombra oscura en lugar de un lápiz y es como si pudieras estropearlo un poco más y luego simplemente arreglarlo con el Q tip."
"Victoria Beckham’s Kajal, her she has KAJAL liners. First of all her makeup is amazing.","Kajal de Victoria Beckham, ella tiene forros KAJAL. Primero que nada su maquillaje es increíble."
It is?,¿Es?
"Oh my gosh, and it’s clean beauty and I the liners are insane. And she also has these cream shadows in a stick and there’s probably a like I use a dark brown but I was gonna actually suggest maybe there’s a darker one that you could use for this as well like what you’re looking for.","Dios mío, es una belleza limpia y los delineadores están locos. Y ella también tiene estas sombras en crema en una barra y probablemente haya una como yo uso un marrón oscuro, pero en realidad iba a sugerir que tal vez haya una más oscura que podrías usar para esto, así como lo que estás buscando."
"Yeah, but you use the dark brown to line your lips don’t you know.","Sí, pero usas el marrón oscuro para delinear tus labios, ¿no lo sabes?"
I use her dark brown on my under my eyes and over my eyes to kind of make my whole eye look reddish because I have green eyes and that purples and reds pops green.,Utilizo su marrón oscuro debajo de mis ojos y sobre mis ojos para hacer que todo mi ojo luzca rojizo porque tengo ojos verdes y los morados y rojos resaltan en verde.
What the fuck? How do you know these things?,¿Qué carajo? ¿Cómo sabes estas cosas?
I’ve been into makeup like my whole life. I’m good at doing makeup.,Me ha gustado el maquillaje toda mi vida. Soy buena maquillando.
Well fun fact about Amy’s V is she uses a black eyeliner on her lips. And that’s her only lipstick.,Un dato curioso sobre Amy's V es que usa un delineador de ojos negro en los labios. Y ese es su único lápiz labial.
But everybody that grew up in LA in the 90s did that. It just happened to stick with me.,Pero todos los que crecieron en Los Ángeles en los años 90 hicieron eso. Simplemente se quedó conmigo.
I know it looks good.,Sé que se ve bien.
But no one would ever know it was black. It just looks like I’ve got like a nice deep purple or something.,Pero nadie sabría jamás que era negro. Parece que tengo un bonito color morado oscuro o algo así.
"Yeah, I would be I was shocked when you told me and showed me. All right, what else?","Sí, me sorprendió cuando me lo dijiste y me lo mostraste. Muy bien, ¿qué más?"
"Hey, Sarah. It’s your best friend Amber calling from Sydney, Australia. This Saturday is the 46th annual Gay and Lesbian Mardi Gras in Sydney.","Hola, Sara. Soy tu mejor amiga, Amber, llamando desde Sydney, Australia. Este sábado se celebra el 46º Mardi Gras anual de gays y lesbianas en Sydney."
Wow.,Guau.
"And to celebrate, I would just love to say to the world that I am completely and utterly gay. I’ve lived the majority of my life as a heterosexual woman. Then a few years ago, I got more comfortable with the identity of pansexual because I found that myself getting attracted to some women and some non binary people. And then last year in 2023, I finally got the flaps to take the leap and start dating women and I have to say that it has been the most beautiful and rewarding experience of my life. The depth of connection and the level of intimacy through dating women has just been like, offered studies. And so if there’s anyone out there listening who was like me and was terrified, just go for it. Find that person that you’re attracted to and just fucking go for it. What have you got to lose? Love you.","Y para celebrarlo, me encantaría decirle al mundo que soy total y absolutamente gay. He vivido la mayor parte de mi vida como mujer heterosexual. Luego, hace unos años, me sentí más cómodo con la identidad de pansexual porque descubrí que me atraían algunas mujeres y algunas personas no binarias. Y luego, el año pasado, en 2023, finalmente conseguí las aletas para dar el salto y empezar a salir con mujeres y tengo que decir que ha sido la experiencia más bonita y gratificante de mi vida. La profundidad de la conexión y el nivel de intimidad a través de las citas con mujeres han sido ofrecidos por estudios. Entonces, si hay alguien escuchando que fuera como yo y estuviera aterrorizado, que lo haga. Encuentra a esa persona que te atrae y hazlo. ¿Qué puedes perder? Te amo."
"Yes, Amber. Got a great call. Just a feel good call. And by the way flaps. That’s replacing lips for me. Get the flaps to do it, flaps I love that, that’s fucking great. Give it to the Australians with their they’re the best at the nicknames. Everything’s got a nickname. My sister in law Semaan. I carry this it was on this podcast that I think I made a joke about how they always have. We were laughed, she was laughing yet because I said they call the Holocaust the holy. But I made that up when I just said that they make nicknames out of everything. Was your family in the holly? All right, not funny. Funny? a little funny? But yes, I have a sister who is actually in Sydney, who is also gay in Sydney right now, but she’s taken on but congratulations. And happy 46th annual Gay and Lesbian Mardi Gras of Australia. And what a great call. Dad, we’re winding down wherever you are in time and space. Oh, I miss you so much. We are winding down. This is the part of the show, when I say send me your questions, go to speakpipe.com/theSarahSilvermanpodcas that’s speakpipe.com/theSarahSilvermanpodcast, and subscribe, rate and review wherever you listen to podcasts. And there’s more of the Sarah Silverman podcast with Lemonada Premium subscribers get exclusive access to bonus questions like one from a mom who’s not sure whether or not to let her kids play with toy guns. Subscribe now in Apple podcasts. Thank you for listening to the Sarah Silverman podcast. We are a production of Lemonada media, Kathryn Barnes and Kryssy Pease produce our show. Our mix is by James Sparber. Additional Lemonada support from Steve Nelson, Stephanie Wittels Wachs and Jessica Cordova Kramer. Our theme was composed by Ben Folds and you can find me at @SarahKateSilverman on Instagram. Follow the Sarah Silverman podcast wherever you get your podcasts or listen ad free on Amazon music with your Prime membership.","Sí, Ámbar. Recibí una gran llamada. Sólo una decisión para sentirse bien. Y por cierto solapas. Eso es reemplazar los labios para mí. Consigue las solapas para hacerlo, solapas, me encanta, es jodidamente genial. Dáselo a los australianos que son los mejores con los apodos. Todo tiene un apodo. Mi cuñada Semaan. Llevo esto, fue en este podcast donde creo que hice una broma sobre cómo siempre lo han hecho. Nos reímos, ella todavía se reía porque dije que al Holocausto lo llaman santo. Pero me lo inventé cuando dije que a todo le ponen apodos. ¿Estaba tu familia en el santo? Está bien, no es gracioso. ¿Divertido? un poco gracioso? Pero sí, tengo una hermana que en realidad está en Sydney, que también es gay en Sydney en este momento, pero la acepté, pero felicidades. Y feliz 46º Mardi Gras anual de gays y lesbianas de Australia. Y qué gran llamada. Papá, nos estamos relajando dondequiera que estés en el tiempo y el espacio. Oh, te extraño mucho. Nos estamos calmando. Esta es la parte del programa, cuando digo que envíenme sus preguntas, vayan apeakpipe.com/theSarahSilvermanpodcas, es decir,peakpipe.com/theSarahSilvermanpodcast, y suscríbanse, califiquen y revisen cualquier lugar donde escuchen podcasts. Y hay más del podcast de Sarah Silverman en el que los suscriptores de Lemonada Premium obtienen acceso exclusivo a preguntas adicionales, como la de una madre que no está segura de dejar o no que sus hijos jueguen con pistolas de juguete. Suscríbete ahora en los podcasts de Apple. Gracias por escuchar el podcast de Sarah Silverman. Somos una producción de Lemonada Media, Kathryn Barnes y Kryssy Pease producen nuestro programa. Nuestra mezcla es de James Sparber. Apoyo adicional de Lemonada de Steve Nelson, Stephanie Wittels Wachs y Jessica Cordova Kramer. Nuestro tema fue compuesto por Ben Folds y puedes encontrarme en @SarahKateSilverman en Instagram. Siga el podcast de Sarah Silverman donde quiera que obtenga sus podcasts o escuche música de Amazon sin anuncios con su membresía Prime."
