"¿Cómo estás, soy turbulent? Y yo la burrita burrona. Y estamos muy contentos que después del presupuesto para después de tal no, Claro que no. ¿Y usted a lo mejor va a decir Este por qué están solas? Pues yo no. Las temporadas, las temporadas son largas.","How are you, am I turbulent? And I the little stubborn donkey. And we are very happy that after the budget for after such no, of course not. And you might say why are they alone? Well, I don't. The seasons, the seasons are long."
"Son largas y aparte esta esta mención es. Para darle realce a nuestra gira, Claro, Claro, teníamos aquí a alguien sentado, no le íbamos a dar el. Lugar, pues no, porque no le íbamos a dar el lugar. En toda la persona, pero. Estamos también súper contentos porque a lo largo de este poquito tiempo que tenemos con el podcast del momento, pues han pasado cosas irreales.","The seasons are long and besides this mention is. To enhance our tour, of course, of course, we had someone sitting here, we wouldn't give him. Place, well no, because we wouldn't give him the place. In the whole person, but. We are also super happy because over this little time we have with the podcast of the moment, unreal things have happened."
"Y han pasado personas muy importantes por estas. No y las que se vienen o sea usted a lo mejor ahorita dijo, Ah, pues nos están diciendo que se termina, se termina esta temporada este porque no le dimos como un cierre porque usted vio que se cambió la escenografía. Ajá. ¿Y usted no lo vio, pero no le no habíamos tenido el tiempo de dar como un cierre formal?","And very important people have passed through these. Not and those to come or you might have just said, Ah, well they are telling us that it ends, this season ends because we didn't give it like a closure because you saw that the scenery changed. Uh-huh. And you didn't see it, but we hadn't had the time to give it a formal closure?"
"Ciclo formal y a partir de aquí el podcast del momento viene con un giro. Viene con pura celebridad, celebridad internacional, no ha pasado ninguna de las que ya grabamos. No, no ha pasado el. Lunes este domingo esto ya es el domingo, no, hombre, no van a soportar si de por sí no nos pueden ver.","A formal cycle and from here the podcast of the moment comes with a twist. It comes with pure celebrity, international celebrity, none of the ones we've already recorded have happened. No, it hasn't happened. This Monday this Sunday this is already Sunday, no, man, they're not going to stand it if they can't see us."
"Pero hay que aclarar que obviamente seguiremos con nuestro marketing, que son muchas figuras regias, tenemos ya ya tenemos pactados a varios que ustedes van a disfrutar en un futuro y conocerán un poquito más de la cultura regiomontana. Y también nos gustaría que en este momento y en este video.","But we must clarify that obviously we will continue with our marketing, which involves many regal figures, we already have several agreements that you will enjoy in the future and will learn a little more about Regiomontano culture. And we would also like you to at this moment and in this video."
"Si se aceptan comentarios de artistas que quieran que tengamos en el podcast del momento. Y también comentarios que ustedes, o sea la verdad, ha pasado mucho de esto. Mira, a lo largo de todo esto hemos ido aprendiendo a ser entrevistadoras que hay que aclarar algo. La neta es que cuando surgió el podcast del momento, nosotras nunca quisimos que fuéramos entrevistadoras nos gusta.","If comments from artists who want us to have in the podcast of the moment are accepted. And also comments from you, I mean, a lot of this has happened. Look, throughout all this we have been learning to be interviewers we have to clarify something. The truth is that when the podcast of the moment arose, we never wanted us to be interviewers we like it."
"¿De hecho una de las reglas, cuando llega aquí nuestro invitado es, oye, Sabes qué? Aquí no hay línea. Y otra de las reglas es no pegarle a la mesa. ¿Verdad? Verdad, pareces nueva. Es que usted escucha un resorte en su interior, es porque esta niña está traca.","Indeed one of the rules, when our guest arrives here is, hey, you know what? There is no line here. And another rule is not to hit the table. Right? Right, you seem new. It's because you hear a spring inside you, it's because this girl is snap."
"Traca traca y eso ya no se debe de hacer. Yo no te digo nada, que tú estás así. Si por ello por eso estoy así, porque respeto la Mesa. Pues yo quiero estar acá en la mesa. Si no hay que ponerle más acolchonadito, porque si ustedes vieran solo esto está tapizado y acá. Burrita, eso no tienes por qué decir sigue.","Snap snap and that should no longer be done. I'm not telling you anything, that you're like that. If that's why I'm like this, because I respect the table. Well, I want to be here at the table. If we don't have to put more padding on it, because if you could see only this is upholstered and here. Little donkey, you don't have to say that."
"Habiendo madera sin terminar, qué vergüenza. No si está terminada. Está tallada, está todo, nada más, no está forrada. Le falta la vestidura. Para qué quieres vestidular trabajos completos háganlos sino no hagan nada. Pues fue Pedro, fue Pedro.","There is wood unfinished, what a shame. No if it's finished. It's carved, it's all, just not upholstered. You lack the upholstery. Why do you want to dress up complete jobs do them otherwise do not do anything. Well, it was Pedro, it was Pedro."
"Fue. Pedro, qué más, oigan, pero no. Yo creo que hablando de entrevistadoras la gente va a ver mi mi, cómo se dice mi fragmento entrevistadora en 2 domingos más, en 2 domingos más, porque.","It was. Pedro, what else, listen, but no. I think speaking of interviewers people are going to see my my, how do you say my interviewer fragment in 2 more Sundays, in 2 more Sundays, because."
"Sí, me preparé para esa entrevista, sí, me preparé. A poco. Claro, tenía mis notas y todo, ni la. ¿Leíste la mentirosa? ¿Nada más llegaste preguntando en qué capítulo salió? No, no, no, no, no. Yo sí me preparé y la gente lo va a poder ver. Ahí lo veremos, ahí lo veremos.","Yes, I prepared for that interview, yes, I prepared. A little. Of course, I had my notes and everything, neither. Did you read the liar? You just arrived asking what chapter did she appear in? No, no, no, no, no. I did prepare and people are going to be able to see it. We'll see it there, we'll see it there."
"Y si califica y si no va Asus redes sociales y la bufa. Farsante me pone. Farsante, pásatela tú misma le dices, oigan, pero no. O sea, hemos visto comentarios de que Ay, es que no saben entrevistar. Ay que no. ¿No creo que canto, oiga, y también cuando ponen de que es que no dejan de hablar, es que a veces pues tenemos que hablar, porque sino cómo le podemos?","And if it qualifies and if not go to your social networks and the buffoon. Faker you pass it yourself you say, listen, but no. I mean, we've seen comments that Oh, they don't know how to interview. Oh no. I don't think I sing, listen, and also when they say that they just don't stop talking, it's that sometimes we have to talk, because otherwise how can we?"
"Ay, aparte no podemos dejar en blanco al artista, tenemos que cuidarlo. Oye, y todos estos episodios que han pasado el el mazonado la gente bueno, muchos a mí me preguntan cuando me los topo, ya sea que si me topo algún ampon en la calle o en algún antro X oye, Sí me pregunta de que oye te iba a preguntar algo y dice, quiero saber si en realidad fue verdad el insomnio de la burrita.","Oh, besides we can't leave the artist blank, we have to take care of him. Hey, and all these episodes that have happened the the veneered people well, many ask me when I bump into them, whether I bump into some ampon on the street or in some X nightclub hey, Yes he asks me that hey I was going to ask you something and he says, I want to know if it was really true the insomnia of the little donkey."
"Vamos a ver esta gran escena, vamos a verla la dormida. Los boletos los pueden encontrar enduermase.com pero comas háganlos de también es así duérmase que estaba diciéndole a la Cámara despiértese despiértese burrita que onda con su vida, que onda con su vida, ya se le cayó la cola.","We are going to see this great scene, we are going to see it the sleepy. Tickets can be found at enduermase.com but commas make them also like this fall asleep I was telling the camera wake up wake up little donkey what's up with your life, what's up with your life, it's tail has fallen off."
"Deme la cola de Burrita. Se le cayó la. Colita. Me está aquí corrigiendo la. Villa se dice que me durmieron. Sí, pero hipnotizada la gran hipnotizada de la burrita ya la fuimos a ver, mira.","Give me the tail of Little Donkey. It fell off. The. Little tail. She is here correcting me. Villa says that I slept. Yes, but hypnotized the great hypnotized of the little donkey we went to see her, look."
Ese fue un momento icónico porque la gente en televisión se vivió y se vió. Yo la verdad lo viví al 100. Yo solamente recuerdo que. No me quería dormir tampoco. Ya empezaba yo a sentir. Ya ves que se empiezan a sentir las manos duras y que.,That was an iconic moment because the people on television lived it and saw it. I really lived it 100. I just remember that. I didn't want to sleep either. I was starting to feel. You know how you start to feel your hands hard and that.
"Se y como el cómo le llaman artritis, como el. Como el hormigueo, ajá. Yo ahí ya empecé a creer, o sea, hasta ese hasta ese movimiento empecé a creer. Después logré en lo lejos escuchar que ella decía, yo no, yo no lo voy a hacer. Entonces dije, si no lo hago yo.","It and like how they call it arthritis, like the. Like the tingling, uh-huh. I started to believe there, I mean, until that until that movement I started to believe. After that I managed to hear in the distance that she said, I won't, I won't do it. So I said, if I don't do it."
"Y no lo haces tú, ajá. ¿Qué contenido vamos a hacer entonces? Por eso dije Chingue su madre, ya estoy aquí y. Trácale, pero no, no sentías un un como nervio. O sea, cuando entraste yo sí quisiera saber. O sea, yo llegué a un punto donde estaba, en un trance, donde empezaba a sentir eso de los de estos y empezaba a sentir como que me desconectaba, pero mi demonio interno del miedo que tengo que ya bueno, o sea, ya verá algunas entrevistas que se vienen al futuro en estos días.","And you don't do it, uh-huh. What content are we going to make then? That's why I said Damn it, I'm already here and. Snap it, but no, you didn't feel a nerve. I mean, when you came in I really wanted to know. I mean, I got to a point where I was, in a trance, where I began to feel that from these and began to feel like I was disconnecting, but my internal demon of fear that I have to well, you will see some interviews that are coming up in these days."
"Donde hablé algo sobre eso, eso era lo que a mí me me que te. Fueras a quedar ahí. Ajá, Fíjate que yo también soy. Miedosa, porque si yo no lo controlo, no lo hago. O sea, ajá, soy muy controladora, pero realmente yo sí estaba pensando mucho en el contenido porque apenas estaba empezando el video.","Where I talked about that, that was what to me me that you. Were going to stay there. Uh-huh, Notice that I am also. Fearful, because if I don't control it, I don't do it. I mean, uh-huh, I am very controlling, but really I was thinking a lot about the content because it was just starting the video."
"Ajá. ¿Y te acuerdas que tu tío estaba medio así? Entonces yo dije, si ella ya dijo que no, porque yo te escuché, que decías no, no. ¿Dije, si yo digo que no, qué? ¿Qué vamos a hablar en el video o qué vamos a dar de contenido? Entonces yo dije, pues me aguanto y me dejó, digo yo no.","Uh-huh. And do you remember that your uncle was kind of like that? So I said, if she already said no, because I heard you, you said no, no. I said, if I say no, what? What are we going to talk about in the video or what are we going to give as content? So I said, I'll hold on and let myself go, I say I'm not."
"Nunca estuve nervioso de que me fuera a hacer algo que me fuera a pisar o que me fueran a hacer una pinche. Pero cirugía ahora pues es que yo vi que el John Milton sacaba muela, pero en. La cirugía a poco, te lo juro.","I was never nervous that something was going to happen to me that I was going to be stepped on or that they were going to do a damn. But surgery now well I saw that John Milton was taking out a tooth, but in. The surgery really, I swear."
"Aquí ahorita voy a conseguir el video donde están un show en vivo y le saca la muela a un güey. ¿Ah, pero lleva un dentista para hacerlo, no? Él, o sea él, la más así y le sacan el diente. Yo dije, ojalá no vayas a Quererme. Hubiéramos sacado el problemita, no 2.","Here right now I'm going to get the video where they're doing a live show and he pulls a tooth from a guy. Oh, but he brings a dentist to do it, doesn't he? He, I mean he, just like that and they pull out the tooth. I said, I hope you're not going to Want me. We would have taken out the little problem, not 2."
"Años y ahí se va a quedar. Si el. ¿Problemita? No, o sea, está en proceso. Ah, OK, pero yo por eso decidí seguirle. O sea, yo dije en algún momento me va a despertar. No pensé que me fuera a estar. Durmiendo a cada rato, porque si les voy a confesar que traía unos putazos en la espalda porque ese vídeo sí lo vi donde al último creo que o.","Years and there it will stay. If the. Little problem? No, I mean, it's in process. Ah, OK, but that's why I decided to keep going. I mean, I said at some point it's going to wake me up. I didn't think I was going to be. Sleeping all the time, because if I'm going to confess to you that I had some punches in the back because that video I saw it where at the end I think that o."
"Te cae donde. No sé qué decimos y luego trae y que todos riéndose en vez de que me levantara eso también fue una observación que yo le hice. Producción. Más de 10 personas perdieron el empleo. Porque esa situación, porque yo me golpeé, de hecho yo traía putas aquí donde yo creo que me pegué o con la silla.","Where you fall where. I don't know what we say and then it brings and everyone laughing instead of me getting up that was also an observation that I made. Production. More than 10 people lost their jobs. Because of that situation, because I hit myself, in fact I had bruises here where I think I hit myself or with the chair."
"O con esa luz no te no, no te pegaste, te resbalaste en la silla. ¿Bueno traía, pero fue un momento icónico porque dónde tú le dices, oye, vamos a ver ese momento, no? Me vaya a hacer bromas y luego voy a verme. Que estoy duérmase profundo despiértese.","Or with that light you didn't, no, you didn't hit yourself, you slipped on the chair. Well, I had, but it was an iconic moment because where you tell him, hey, let's see that moment, right? Don't go making jokes and then I'm going to see myself. That I'm deep asleep wake up."
"¿Qué pedo? Mira, es que tú les insiste, ya no me duerme. Entonces dijo, ya no quieres que te duerma, duermas centro. A mí, la verdad, no quise ver el video completo porque yo en mi ignorancia, creía que me podía volver a dormir. ¿Es que no dice si sea real, no sé si dicen que es cuando lo vuelves a enfrentar en persona o si es con el video y pues fui a su casa qué?","What the heck? Look, it's that you insist, don't put me to sleep anymore. So he said, you don't want me to sleep you, sleep center. To me, really, I didn't want to see the full video because in my ignorance, I thought I could fall asleep again. Is it real, I don't know if they say it's when you face it in person again or if it's with the video and then I went to his house what?"
"2 días después sí. Fui a su casa con el señor, pero no tocamos el tema. Toca que fuiste otros. Business, porque quiero hacer la nueva gomita de. Al parecer, tacha la mapacha se quiere subir arriba de mí, me quiere pisar, pero yo.","2 days later yes. I went to his house with the gentleman, but we didn't touch on the subject. Touch that you went to others. Business, because I want to make the new gummy. Apparently, tacha the mapacha wants to get on top of me, wants to step on me, but I."
"¿Hablando de tacha la mapacha usted ya sabe en estos momentos porque estamos buscando mascoti drak a la a la nueva mascoti drak del momento telonera que vamos a lanzar, ya le cambiamos el nombre en el Palenque del momento, denuncie, pero esa niña cómo arrasó?","Speaking of tacha the mapacha you already know at this moment because we are looking for mascoti drak to the to the new mascoti drak of the moment that we are going to launch, we already changed the name in the Palenque of the moment, report it, but that girl how she swept?"
"La gente está toda. La gente me ponía en la publicación de. La mapacha y perdónenla y que no sé qué miren, yo no tengo nada que perdonarle si la niña es votada y aclamada por el público. ¿Se le va a dar la respetar?","The people are all. The people put me in the publication of. The mapacha and forgive her and I don't know what look, I have nothing to forgive her if the girl is voted and acclaimed by the public. Are you going to give her respect?"
"OK, porque esto el público lo va a decidir, ajá. Pero también hay que aclarar que hay que presentar un video de 1 minuto mostrando tu talento. Qué talento, unas. Fotos de tus looks si quieres y el público, nosotros decidiremos.","OK, because this the public is going to decide, uh-huh. But it's also necessary to clarify that you have to present a 1 minute video showing your talent. What talent, some. Photos of your looks if you want and the public, we will decide."
"¿Quién va a abrir el Palenque de los ampones, que es el 30 de abril? Y este te quería avisar que yo ya estoy blindada, totalmente blindada, tengo ya seguro de gastos medios mayores.","Who is going to open the Palenque of the ampones, which is April 30? And this I wanted to let you know that I am already armored, totally armored, I already have major medical expenses insurance."
"Tengo también un equipo grande de abogado que es el equipo de abogados que trae Gloria Trevi, que defendió a Johnny Depp. Cuando esta muchacha le cago. Toda la cama, toda la cama, le cago. Este traigo a esos abogados porque si usted no le ha quedado Claro en el Palenque del momento, vamos a vivir lo que la gente le gusta.","I also have a large team of lawyers that is the team of lawyers that Gloria Trevi brought, that defended Johnny Depp. When this girl shit. The whole bed, the whole bed, she shit. This I bring those lawyers because if you have not been clear at the Palenque of the moment, we are going to experience what people like."
"¿Es que usted a lo mejor no ha entendido? Pero el Palenque el momento tiene 2. Fragmentos. No y deja todos fragmentos. O sea, es un mensaje subliminal. Sí, estamos hablando del Palenque. Existen los palenques, conciertos, pero que se hacían antes de los palenques.","Is it that you may not have understood? But the Palenque the moment has 2. Fragments. No and leave all fragments. I mean, it's a subliminal message. Yes, we are talking about the Palenque. There are the palenques, concerts, but that were done before the palenques."
"Ah investíguenlo analícelo analícelo aparte. Como porque en el Promo nosotros decimos lucharán de dota. ¿Por qué decimos eso? Analícenlo y aparte, porque en un grupo están las técnicas que somos nosotras y en.","Ah research it analyze it analyze it apart. Like because in the Promo we say they will fight from dota. Why do we say that? Analyze it and besides, because in a group are the technical ones that are us and in."
"Otro, las rudas. Las rudas, que está la que no voy a mencionar su nombre, pues yo yo. Menciono tampoco a la otra. Entonces, si tú lo. ¿Mencionas yo tampoco menciono dónde? ¿Está la pulga Pona, dónde? ¿Está la señora Esa? ¿Mamá melanito que también va a estar con nosotros, entonces usted gira esa cabecita?","Another, the rude ones. The rude ones, which is the one I'm not going to mention her name, well I I. Mention neither to the other. Then, if you. Do you mention I also do not mention where? Is the flea Pona, where? Is that lady? Mom melanito who is also going to be with us, then you turn that little head?"
"Gira que gira gira la. ¿Cabecita lo único que le voy a decir es que usted me conoció por este video que vamos a ver ahorita donde yo le tundo a la pulga atraviesa en aquel teatro fallecido de la para recordar, vamos, por favor, qué culera?","Turn that turn turn the. Little head the only thing I'm going to tell you is that you met me through this video that we are going to see right now where I hit the flea across in that deceased theater of the to remember, come on, please, how mean?"
"Ya fui muy clara, Eh fue. ¿Muy clara con lo que dije ya, dámelo, Dámelo yo, no? ¿Pinche pulga vieja, Qué quieres, qué quieres ya? Se fue, ya no quiero trabajar contigo.","I was very clear, Eh was. Very clear with what I said already, give it to me, Give it to me I, no? Damn old flea, What do you want, what do you want already? It's gone, I don't want to work with you anymore."
"Ah, ya no quiero tranquilízate, vente para acá, quiero trabajar, siéntate, Ay. La gente nos. ¿Conoció por eso? Ahí. Se dio a conocer muy de lo último, muy a nuestro nivel, ajá. Ahí. Conocieron de que yo estaba hecho.","Ah, I don't want to calm down, come over here, I want to work, sit down, Ay. The people us. Did you meet because of that? There. It became known very much at our level, uh-huh. There. They learned that I was made."
"¿De que hecho? Perdón porque soy mujer. Aparte, es que yo amo el momento en el que le arrancas la. Donde le arrancas, tú te la. Pones de la mano, o sea, para mí eso es el momento iconic y. Aquí han pasado ya casi 2 años después de este video y también quiero aclararles algo.","Of what made? Sorry because I am a woman. Besides, it's that I love the moment when you tear off the. Where you tear it off, you put it on your hand, I mean, for me that's the iconic moment and. Here it's been almost 2 years after this video and I also want to clarify something."
"Ahí hay otra compinche de la pulga, que es la marrana de la zona. Sí. Es una marrana, es una marrana cara de cochino porque si ustedes venden el. Pero ya recé porque ya es del rancho de aguas, es belicona, está bien. Culona.","There is another accomplice of the flea, which is the pig of the zone. Yes. It's a pig, it's a pig face of a pig because if you guys sell the. But I already prayed because it is already from the ranch of waters, it is belligerent, it is well. Big-assed."
Está bien carrosona. Desde bien chiquitin ya estuvo colona este. Culona y ella. También se metió pistolona y sabes también quién se metió el pimpón y. El patito. Todos son una bola de que.,It's fine big-assed. From very little she was already big-assed this. Big-assed and she. Also got gun-toting and you know also who got involved the ping-pong and. The duck. They are all a bunch of that.
"Dicen que el patito es. ¿Es a switch? Es a switch, pero pero yo siempre tenía esa teoría. O sea, yo siento que el patito se hizo a switch porque desde muy chiquito creo que de que Ay. Está chiflado, yo creo que está chiflado y afeminado. Y luego siempre le ponen como que sus trajecitos, así como muy hacer te.","They say that the duck is. Is a switch? Is a switch, but but I always had that theory. I mean, I feel that the duck became a switch because from very little I think that of that Ay. It's crazy, I think it's crazy and effeminate. And then they always put on like his little suits, like very do you."
"¿Has dado cuenta que el pato patito siempre ha estado bien pierno? Oye. Nunca ha aparecido de sus piernas ella, él siempre tiene como ese, como que su cómo se llama su su. Su su o. ¿Cuando alguien tiene algo y que este es mi first, mi feeling, mi no sé, ay, alguien lo dijo, Ese es mi es tu sexo, feel qué?","Have you noticed that the duck duck has always been well legged? Hey. It never appeared from its legs she, he always has like that, like his how is it called his his. His his o. When someone has something and that this is my first, my feeling, my I don't know, oh, someone said it, That's my is your sex, feel what?"
"¿Sexapil, qué significa eso? Sexapil es como él es una música filis del sexo sexapil, pero el. Pato es un personaje para El Niño. Sexapil sexapil, pero el. Pato patito es un personaje para niños. Pollo de niño lo vi, decía y. Patito cuando se quitaban el pato.","Sex appeal, what does that mean? Sex appeal is like he is a music filly from sex sex appeal, but the. Duck is a character for The Child. Sex appeal sex appeal, but the. Duck duck is a character for children. Chicken child I saw it, he said and. Duck when they took off the duck."
"Ay, sí. O sea, entonces tú veías a quien se ponían fuera. Mayugadas que era. El mascarin vea, no, ay, para que te pones. Anterior a él era otro que se llamaba. El oficial que yo conocí, porque así decía yo soy el pato, me dijo, ganaba 50 pesos, puta era se llamaba Bernardo.","Oh, yes. I mean, then you saw who they were putting out. Mayugadas that was. The mask see, no, oh, so that you put on. Previous to him was another one called. The official that I met, because that's what I said I am the duck, he told me, he earned 50 pesos, damn it was called Bernardo."
"Bernardo Reyes y estaba súper Tierno que nuestro, nuestro modista fue el pato. Nuestro diseño a. La Pedro, trabajaban las adictas. Escríbele 2 veces queda mal la tercera. Vas para fuera, Pedro.","Bernardo Reyes and was super Cute that our, our designer was the duck. Our design to. The Pedro, they worked the addicts. Write him 2 times it goes wrong the third. You're out, Pedro."
"Espero que cuando veas este video no estés fuera de la gira, pero kabuki. No vaya a ser que haya venido YY me llamo y la madre y tengo llamadas perdidas kabuki. Entonces Pedro fue el pato ocupamos. ¿Costureras por qué ya se va para?","I hope that when you see this video you're not out of the tour, but kabuki. It's not going to be that it came YY called me and I have missed calls kabuki. Then Pedro was the duck we used. Dressmakers why is it going already?"
"Es que ese Pedro, Ay, no, no, no. No, no, oigan, ustedes tienen en su en su grupito un amigo que siempre se le pierde el celular, esa es la Pedro. Oye, sí es cierto que que. ¿Cambian de chip? Yo no sé por qué tengo un alguien de mi familia que no va a decir quien cada semana o cada 15 días cambia de número, pero.","That's that Pedro, Ay, no, no, no. No, no, hey, you guys have in your in your little group a friend who always loses his cellphone, that's the Pedro. Hey, yes it's true that that. Do they change chips? I don't know why I have someone in my family who I'm not going to say who changes numbers every week or every 15 days but."
"¿Por qué, o sea? ¿No sé si le deba a alguien o no sé, pero cada rato se me actualiza de que ta ta ta cambio su número es como hasta mi intriga y le quiero decir, te estás escondiendo de alguien, no? ¿Será que le gusta cuando compras el chip y te dan promoción de 20 pesos más de saldo?","Why, I mean? I don't know if he owes someone or I don't know, but every time it updates me that ta ta ta change your number it's like up to my intrigue and I want to tell you, are you hiding from someone, no? Is it that he likes when you buy the chip and they give you a promotion of 20 pesos more balance?"
"¿Pero qué gasto? El chip cuesta 30. No cuesta, te te venden el chip, creo que en 100 y te dan de saldo 120, no hay 20 pesos y puedes, pero puedes activar un plan con 30 pesos yo. Creo que ahí es más no querer tener el mismo número. Tú crees, pero de qué sirve eso, guau.","But what expense? The chip costs 30. It doesn't cost, they sell you the chip, I think for 100 and they give you a balance of 120, there's 20 pesos and you can, but you can activate a plan with 30 pesos I. Think that there is more not wanting to have the same number. You think, but what's the use of that, wow."
"O existe el típico que pues siempre la mala suerte de que se le perdió el celular no le creo. O que se le queda sin pico o. De seguro sacaste préstamos en las Apps. ¿Existen préstamos en las Apps? ¿Sí, cómo va a existir un préstamo en una APP?","Or there is the typical one that well always the bad luck that he lost his cellphone I don't believe him. Or that it stays without peak or. For sure you took out loans in the Apps. Do loans exist in the Apps? Yes, how is there going to be a loan in an APP?"
"Pero no hagan esta a ver. O sea, es cierto, es cierto lo que me llega de la de la Ud, hablo de la Ud, que empieza con la D me llega un mensaje de texto que dice. Del del del me llega el mensaje de. Crédito y préstamo y me llega y es verdad, sí, es verdad, pero los intereses son muy grandes.","But don't do this let's see. I mean, it's true, it's true what I get from the from the Ud, I speak of the Ud, that starts with the D I get a text message that says. From the from the I get the message of. Credit and loan and it comes and it's true, yes, it's true, but the interests are very large."
"Yo. Cuando no era la burrita. Yo cuando no me iba tan bien, opté por a usar los este recursos y los programas sociales que tenían. ¿Pero usted no caiga, no caiga porque y cuál sacaste compartamos?","I. When I wasn't the little donkey. I when I wasn't doing so well, I opted for using these resources and the social programs they had. But you don't fall, don't fall because and which one did you take out share us?"
"No ese nunca, ese es mapa, señoras. ¿Fovissste o cómo se ve los auto no? Nada más el del es. ¿Que tengo un amigo que PA ver a beyoncé con uno de esos? Movistar. No, cómo se llama el. De la azteca. Bonacot crédito, bonacot este. No me lo sabía.","Not that one, that's mapa, ladies. Fovissste or how does it look the car no? Just the one from the is. That I have a friend who PA see beyoncé with one of those? Movistar. No, what's it called the. From the aztec. Bonacot credit, bonacot this. I didn't know it."
"Pero eso es más del trabajo, no te ayudan en. Las semanas laborales. Qué perra y beyoncé bien cargadita en su casa, bien. Cargadita y ella endeudada con. Fonacote beyond, yo pensé que para Lady Gaga. Oye, ya se viene. ¿O ya se estreno el tráiler de Gaga y Joker?","But that's more from work, they don't help you in. The work weeks. What a bitch and beyoncé well loaded at her house, well. Loaded and she indebted with. Fonacote beyond, I thought it was for Lady Gaga. Hey, the trailer has already come. Or has the Gaga and Joker trailer premiered?"
"Galia Joker para este momento. Por tal motivo creo que es para el 9 de abril. OK, me estuvieron llegando muchos mensajes porque ya ves que en el episodio pasado con mi hija Galavaro ajá interprete telephone de Lady Gaga. Ay que se hizo muy teléfono telephone.","Galia Joker for this moment. For that reason I think it's for April 9th. OK, I've been getting a lot of messages because you see that in the last episode with my daughter Galavaro uh-huh I perform telephone by Lady Gaga. Oh that it became very telephone telephone."
"Telefone. Telephone. ¿Recibí un mensaje de Lady Gaga, tú? De Lady Gaga. Cuando yo estaba dormida, OK, soñé con ella y me dijo, por favor. Bad Romans es lo único que yo entendí en el sueño. Yo fui con mi terapeuta y me dijo, Lady Gaga está pidiéndote en el sueño que cantes bad Romans en el podcast del momento, quiero pedir una oportunidad ahorita que no hay este invitados de aquí para cantar Bad Romance, no por mí.","Telefone. Telephone. Did I get a message from Lady Gaga, you? From Lady Gaga. When I was asleep, OK, I dreamed of her and she told me, please. Bad Romans is the only thing I understood in the dream. I went with my therapist and she told me, Lady Gaga is asking you in the dream to sing bad Romans in the podcast of the moment, I want to ask for an opportunity right now that there are no this guests from here to sing Bad Romance, not for me."
"Por Lady Gaga, o. ¿Sea, lo estás haciendo por ella?","For Lady Gaga, or. Are you doing it for her?"
¿Me parecía que estaban demonada que? Aplaudiendo se le hacían los.,It seemed to me that they were demonized that? Applauding it made them.
Ojotes como de perro de este es el éxito más grande que ha tenido Lady Gaga no que. Pasa reina.,Big eyes like a dog's this is the biggest hit that Lady Gaga has had no that. What's up queen.
"Este vídeo estuvo muy ha sido el de la nena a. Ver, dame algo más profundo, esos perros, dame esos pinches perros, a ver, dame algo más profundo, esa.","This video was very has been the one of the girl to. See, give me something deeper, those dogs, give me those damn dogs, see, give me something deeper, that."
"No me la sé. Es la del piano. Por eso. La de que se debió de haber sido million reason, Million reason. Que se. Debió de haber sido sencillo, sí.","I don't know it. It's the piano one. Because of that. The one that should have been million reason, Million reason. That it. Should have been single, yes."
"¿Fue muy sencillo, no? O sea, si la promociono sí no la ponían. En la radio, si. ¿La ponían en la radio, cómo te atreves después? ¿De cuántos años hasta? En los antros la ponían en las noches de karaoke un joto me tenía harto que siempre me la. Oye. Sabes que estaría bien que de una vez al mes traer algún artista de Monterrey, una drag de Monterrey, que nadie conozca, porque Kim de León tocó un tema muy importante en TikTok, en donde sí, en donde decía que pues actualmente el Monterrey, Fíjate, a mí me dio mucha vergüenza eso.","It was very simple, wasn't it? I mean, if they promoted it yes they put it. On the radio, if. They put it on the radio, how dare you after? How many years until? In the clubs they put it on karaoke nights a fagot had me sick that always me. Hey. You know what would be nice that once a month bring some artist from Monterrey, a drag from Monterrey, that nobody knows, because Kim de León touched on a very important topic on TikTok, where yes, where he said that well currently the Monterrey, You know, it embarrassed me that."
"Que cuando no hay como dragas de la más draga de drag race a las que van a trabajar ahí a ciertos antros, sí les dan de que tus quinientitos tus 600 y que cuando van dragas famosas les dicen, Oye, Mira, voy a agarrar el teléfono.","That when there is no like drags from the more drag of drag race to those who go to work there to certain clubs, yes they give you your five hundred your 600 and that when famous drags go they tell them, "
"A ver. ¿Oye, qué onda? Este va a venir gala varo, por si quieres venir aquí a presentarte nada más que no hay pago. O sea, tu pago es conocerla y que te tomes la fotito. Bye. A poco están haciendo. Eso y para lavar o mejor nada.","Hey, Look, gala varo is going to come, if you want to come here to present yourself just that there is no payment. I mean, your payment is to meet her and that you take the little photo. Bye. Are they really doing. That and to wash or better nothing."
"Mejor nada a ver. O que a ver me estoy poniendo en contexto, yo pensé que eso o sea las contratan para cuando no va a haber nadie para que haya contenido de dragas ahí bailando y que soy ahí, que que ahorita se que el Dolly creo que es el que tiene ahorita un poquito más de proyección con dragas este, pero cuando no va a haber.","Better nothing let's see. Or what let me put it in context, I thought that that is they hire them for when there is not going to be anyone so that there is content of drags there dancing and that I am there, that that right now I believe that Dolly is the one that has a little more projection with drags this, but when there is not going to be."
"Cuando va a haber alguien importante le dicen, no le podemos pagar porque le vamos a pagar la droga si te. Pago con proyección y con la pero. ¿Cuál es la proyección? Pues no hay mija. ¿No, pero pues es que ellas también que no acepten eso, no? Pero lo que decía aquí de León es que dice una también a veces va y acepta el no me pagues porque la verdad yo lo veo como ah, bueno, a lo mejor hoy no me vas a pagar.","When there is going to be someone important they tell them, we can't pay you because we are going to pay the drug if you. Payment with projection and with the but. What is the projection? Well there is no honey. No, but then it's that they also that they don't accept that, no? But what Kim de León said here is that he says one also sometimes goes and accepts the don't pay me because the truth I see it as ah, well maybe today you're not going to pay me."
"Pero mañana que tengas un evento sí te van a salir, pues Claro, pero no está pasando. Y aparte, pues te hace, es para hacerme como es para hacer puntos, digo así es todo esto, pero. No está bien estar haciendo puntos todo el mes y pues. No todo el mes ahora también es por. Ahora creo que se quedó sin trabajo por alzar la voz.","But tomorrow when you have an event yes you will get out, well Of course, but it's not happening. And besides, well it makes, it's to make points, I say that's all this, but. It's not right to be making points all month and then. Not all month now also it's because. Now I think he was left without a job for raising his voice."
"Ay, neta, Ay, bueno el sistema y dónde estaba y dónde estaba trabajando la. Verdad, no quiero echar mentiras, pero creo que el del lugar le dijo, Ah, antes, abriendo la boquita. Órale va, ay. No, pues ay, qué mal, porque pues al final de cuentas sí. Ella lo había estado apoyando esto nada más lo hizo como para incitarla.","Oh, really, Oh, well the system and where was he and where was he working the. Truth, I don't want to tell lies, but I think that the guy from the place told him, Oh, before, opening the little mouth. Órale goes, oh. No, well oh, that's bad, because then in the end yes. He had been supporting this it just did it as to incite her."
"Ahora no es justo, digo, o si ves que tienes dragas que te están apoyando, pues creo que lo ideal es también tomarlas en cuenta para darles un poquito más de trabajo. Está padre apoyar a la Comunidad, está padre apoyar a tu casa drag, está padre apoyar a la competencia que tú quieras, pero.","Now it's not fair, I mean, or if you see that you have drags that are supporting you, well I think the ideal is also to take them into account to give them a little more work. It's cool to support the Community, it's cool to support your drag house, it's cool to support the competition that you want, but."
"Si la que tiene el mando está ganando dinerito lo justo, así como se llenan la boca diciendo que apoyan al Drag, es que apoyan a las niñas, que se maquillan más de 2 horas, que toman un camión, que toman 1 m, que toman un Uber y pues que no les pueden pagar ni con aplausos NI con.","If the one who has the command is making money just as they fill their mouths saying that they support the Drag, it's that they support the girls, who put on makeup for more than 2 hours, who take a bus, who take 1 m, who take an Uber and well they can't pay them with applause NOR with."
"Drinks, o sea, eso es lo mismo que yo y ser coherentes. Es lo mismo que yo digo. YO sea, ya no vivimos en esta burbuja de quiero pertenecer a este mundo porque me siento amada. Ay, qué padre que te sientes amada, qué padre que te sientes protegida es un lugar seguro, está súper Chido eso, pero la otra cara de la moneda es que hay personas que están allá arriba del escenario, que están dando su tiempo, su maquillaje, su talento para divertir a gente con la cual tú estás ganando dinero.","Drinks, I mean, that's the same as I say. I mean, we no longer live in this bubble of I want to belong to this world because I feel loved. Oh, how nice that you feel loved, how nice that you feel protected it's a safe place, it's super Cool that, but the other side of the coin is that there are people who are up there on the stage, who are giving their time, their makeup, their talent to entertain people with whom you are making money."
"Ajá. Entonces, lo. ¿Justo es repartir, no? Efectivamente, o sea, y eso se eso se vive desde hace muchísimo tiempo y pues por. Ejemplo, yo sé. Decir el por qué, yo sé que por. Ejemplo en el en el Dolly les va bien en el rico club, vaya, en Ciudad de México tienes tu horario pero tienes tu sueldo, tus bebitas.","Uh-huh. Then, it. Fair is to share, right? Exactly, I mean, and that's it that's been lived for a very long time and then by. Example, I know. To say why, I know that by. Example at the at the Dolly they do well at the rich club, go, in Mexico City you have your schedule but you have your salary, your little ones."
"Entonces yo creo que como decían. Un. Cuponcito ya si eres artista como una. Vaya, pero pero yo siento que el. Drag, en estos momentos ya es un trabajo digno. No, ya o sea, es como es como un negocio. O sea el drag. Tú haces drag, es como poner un negocio puesto de tacos, no lo puedes descuidar.","Then I think that as they said. A. Coupon already if you are an artist like a. Go, but but I feel that the. Drag, at this time is already a dignified job. No, already I mean, it's like it's like a business. I mean the drag. You do drag, it's like setting up a taco stand, you can't neglect it."
"Tienes que ir mejorando y tienes que dar calidad y. Kim de León, te lanzo una invitación para que próximamente estés aquí en el podcast de momento. Video, sea cuando esté. Y Dios está reproduciendo más en este momento corren a las historias de muy alto nivel porque en este momento cabo que iba a estar atento iba a poner este una encuesta de que drags regibontanas les gustaría que invitáramos aquí, no que no hayan estado en una plataforma.","You have to keep improving and you have to give quality and. Kim de León, I'm throwing you an invitation so that you can soon be here on the podcast of the moment. Video, be when it's. And God is playing more at this moment run to the high-level stories because at this moment I was going to be attentive I was going to put this a survey of which drags regibontanas you would like us to invite here, not that they have not been on a platform."
"Y la plataforma mi cuenta corre que. Por venir a hacer este trabajo, nosotros les vamos a dar una dinerita. Y no estamos diciendo que vayamos a manejar, o sea entiendan que esto es un apoyo, o sea recreándolo y ver volviendo al tema pasado, justo lo que ahorita decías es esa es mi pasión, o sea ese es mi rollo, yo ya viví eso, ya viví el que me ofrezcan 1 L.","And the platform my account runs that. For coming to do this work, we are going to give you a little money. And we are not saying that we are going to manage, I mean understand that this is support, I mean recreating it and going back to the past topic, just what you just said is that is my passion, I mean that's my thing, I already lived that, I already lived the one that they offer me 1 L."
"Ya. Viví el de que oye, va a estar aquí cuando venían las de Drag Race, oye, puedes conducir y pues nada más, ahí está esto o el otro o que la foto entonces. Ya el viví es una pasión. Ajá. Esas épocas ya pasaron y pues sí, está la forma de poder apoyar porque no apoyar.","I already. I lived the one where hey, it's going to be here when they came from Drag Race, hey, can you drive and well nothing more, there's this or the other or that the photo then. I already lived it is a passion. Uh-huh. Those times have already passed and well yes, there is a way to support because not support."
"¿Entonces se quejan porque no apoyan y también se quejan porque uno apoya aquí, entonces? Si usted es drag, dignifica su trabajo y cobra. Si no le quiere pagar, váyase a otro lugar o busque por otro lado. Pero la verdad es que actualmente el drag es necesario en cualquier lugar, en el teatro, en el cine, en las series, en los.","Then they complain because they don't support and also complain because one supports here, then? If you are drag, dignify your work and charge. If they don't want to pay you, go somewhere else or look elsewhere. But the truth is that currently the drag is necessary in any place, in the theater, in the cinema, in the series, in the."
"Realitys, en muchas partes ya se utiliza y ya y ya se necesita, entonces podemos hacer una temporadita de de unas cuantas apoyando al drac y ahí le ponemos un tema al al, al programa y. La y la gente la puede apoyar, le damos aquí su y.","Realitys, in many parts it is already used and already and it is needed, then we can make a little season of of a few supporting the drac and there we put a theme to the to the program and. The and the people can support it, we give it here its and."
"Les damos y esa es nuestra. Manera de poder apoyar el drac, porque pues no podemos deconstruir grandes lugares o grandes situaciones. Pero pues está en nuestra oye. Pero sí que que a mí lo que me gusta, qué bonito que kin de león no, no calle bocas.","We give and that is ours. It's our way to support drag because we cannot deconstruct big places or big situations. But it is in our ear. But I do like what I like, how nice that kin de León does not, does not shut up."
"Yo fui una persona muy callada en los tiempos y me daba mucho miedo decir las cosas. ¿Sabes qué? ¿Qué pasaba kin de León cuando trabajaba en el otro lugar de tu tía? Ah, ya ya. Decía, es que no paga publicidad. Yo decía kin de León, yo ya le dije que yo de mi dinero.","I was a very quiet person back in the day and was very afraid to speak up. You know what? What happened with kin de León when he worked at your aunt's other place? Oh, right, right. He said, it's that there is no pay for advertising. I said to kin de León, I already told him about my own money."
"Le meto 200 pesos para que mínimo ubique en el lugar y venga, porque si este lugar no funciona, yo me voy a quedar sin trabajo. O sea Claro, desde ahí viene un pensamiento en el cual ella quiere trabajar. Claro. Claro, porque habrá mucho que dicen, voy a participar en una ciudad donde denme, Ay, estoy pasando por un mal momento, denme, Ay, que me robó a mí alguien mi dinero, mi Roomie, denme.","I'll put down 200 pesos so he at least shows up at the place, because if this place doesn't work out, I'm going to be out of a job. I mean, of course, that's where the thought comes from that she wants to work. Sure. Sure, because there will be a lot that say, I'm going to take part in a city where they give me, Oh, I'm going through a hard time, give me, Oh, someone stole my money, my Roomie, give me."
"Entonces. No, una cosa es trabajar y otra cosa es pedir y Kim de León está, pues pidiendo. Pues buscando oportunidad, que es la oportunidad. ¿Entonces hay que apoyar los nuevos talentos, no? Y. Antros también pónganse las pilas, o sea no nada más, porque. Las niñas. Quieren, quieren tener el foco, o sea, el ser drag es ser un artista.","So. No, one thing is to work and another is to ask, and Kim de León is, well, asking. Well, looking for an opportunity, which is the opportunity. So, do we need to support new talents, right? And. Clubs also get your act together, I mean not just because. The girls. They want, they want to be the focus, I mean, being drag is being an artist."
"¿Qué queremos? Queremos foco, queremos proyección y ocupamos estar ahí. ¿No abusen de ese por qué qué? Tal si Kim de León después se va a drag race México y ahora sí la van a. Querer a querer y la niña les va a decir. Adentro voy a dar. Entonces pues usted vaya ahí a votar y luego ya veremos si hacemos todo un rollo para apoyar el drag y así para poder apoyar el drag también, pues ocupa que nos apoye usted, así que corran a nuestra página que es www.turbulence y burritaburrona.com donde podrán encontrar toda la información de nuestra gira y ahí está todas las fechas en los links directos para que vayan a las boleteras a comprar sus boletos y no se pueden perder este gran show que las amponas que fue un show que escribimos ya el desde el año pasado.","What do we want? We want focus, we want projection and we need to be there. Don't abuse it, why what? What if Kim de León later goes to drag race Mexico and now they will. Love to love and the girl is going to tell you. Inside I am going to give. So then you go there to vote and then we'll see if we make a whole thing to support drag and so to be able to support drag too, well, you need to support us, so run to our page which is www.turbulence and burritaburrona.com where you can find all the information about our tour and there are all the dates on the direct links so you can go to the ticket sellers to buy your tickets and you cannot miss this great show that the drag queens, which was a show we wrote already since last year."
"Pasado, sí, la verdad es un show. Las Eh, muy alto nivel uno y muy alto nivel 2. Fue totalmente nuestra esencia, como nos conocieron, Eh, la improvisación, pero lo que es por ejemplo lo que fue la verdad de la Navidad y lo que es ahora amponas el Tour es algo ya donde nos sentamos.","Last, yes, the truth is a show. The Eh, very high level one and very high level 2. It was totally our essence, as they met us, Eh, improvisation, but what is for example what was the truth of Christmas and what is now amponas the Tour is something already where we sat down."
"AA medir tiempos, a elegir música, a elegir vestuario y toda esta primer parte del show es realmente contando nuestra historia. Pero con los musicales más icónicos va a haber muchísima, muchísima música que ya nos identifica, sí.","To measure times, to choose music, to choose wardrobe and all this first part of the show is really telling our story. But with the most iconic musicals there is going to be a lot, a lot of music that already identifies us, yes."
"Que de hecho estamos muy contentos de hacerles este episodio hoy domingo, porque ya llegamos al tema que en realidad íbamos a tomar, que es hablarles pues de amponas, porque pues ya en esta semana se viene el lanzamiento de nuestro LP donde podrán disfrutar las canciones y son canciones que estamos contentísimas, o sea, de hecho, por eso ahora somos nuestras propias invitadas, porque venimos a hablar de nuestro nuevo.","That in fact we are very happy to make them this episode today Sunday, because we have already reached the topic that we were really going to take, which is to talk to them about amponas, because well this week comes the launch of our LP where you can enjoy the songs and they are songs that we are very happy, I mean, in fact, that's why now we are our own guests, because we come to talk about our new."
"Álbum así es queremos que la gente. En presión, escuche y cante las canciones en vivo o. Sea, tenemos un sueño, este ya en estos días está el lanzamiento, este no lo voy a subir. A YouTube. Y nada, pero este son canciones padrísimas.","Album that's how we want people. Under pressure, listen and sing the songs live or. Be, we have a dream, this these days is the launch, this I'm not going to upload it. To YouTube. And nothing, but these are great songs."
"Una de las canciones tiene toda la esencia de de la burrita, todo lo que ha ha pasado no, y otra canción está enfocada en mí YY es es un show y este o sea el álbum y el show está súper como conectado a todo lo que hemos hecho y ustedes son parte de esto.","One of the songs has all the essence of of the little donkey, everything that has has happened no, and another song is focused on me YY is is a show and this I mean the album and the show is super like connected to everything we've done and you guys are part of this."
"Por eso queremos que vivan este gran espectáculo, porque es un señor, un espectáculo. Va acompañado de dijo una. Amiga, lo que más me gusta de estar es. Shows y vestuarios y confirmó y. Aparte, va acompañado de una gran producción, o sea, pantallas, escenografía, props, vestuarios, bailarines.","So we want you to experience this great show, because it's a sir, a show. It is accompanied by said a. Friend, what I like most about being is. Shows and wardrobes and confirmed and. Besides, it is accompanied by a great production, I mean, screens, scenography, props, costumes, dancers."
"Voy a intentar bailar, lo voy a dar todo, pero lo que sí es la música, la música, creo que distingue a este. Espectáculo de todo, además. Tiene nuestra esencia. Hay una canción que tiene un lema y un himno que jamás pensamos y que es una bandera con la que navegamos porque estamos felices de todo lo que estamos atravesando.","I'm going to try to dance, I'm going to give it my all, but what is yes is the music, the music, I think distinguishes this. Show from everything, besides. It has our essence. There is a song that has a slogan and an anthem that we never thought and that is a flag with which we navigate because we are happy about everything we are going through."
"Y bueno, esa canción no porque tenga ese nombre que ya usted descubrirá. Quiere decir que dijimos ya o sea, ya no, no, no faltan muchas cosas, pero. Esa canción cuando burrita la escribió, que es la la compositora de de estas rolas de la. Mayoría de la mayoría, Núñez y Pujol se atina, ajá.","And well, that song not because it has that name that you will discover. Means that we said already I mean, no, no, no, no there are many things missing, but. That song when little donkey wrote it, which is the the composer of of these rolls of the. Majority of the majority, Núñez and Pujol hit, uh-huh."
"Con la ayuda de todos estos productores, este que cuando se escribió esta canción era porque pues no lo podíamos creer esto que nos estaba pasando y de verdad que cuando se escucha esta canción es un himnazo y aparte tenemos un himnazo de una frase de la burrita que también van a amar. Todos de este álbum es algo ya, obviamente todo lo hacemos con el corazón y profesionalmente, pero hablando de este show.","With the help of all these producers, this that when this song was written it was because well we couldn't believe this that was happening to us and really when you listen to this song it's an anthem and besides we have an anthem of a phrase from the little donkey that you will also love. All of this album is something already, obviously we do everything with the heart and professionally, but speaking of this show."
"Realmente si es un cambio en cuanto a profesionalismo, porque hay más gente en el escenario, hay más producción detrás y eso es lo que le queremos llevar a todo el público, porque el público siempre nos ha apoyado y nos ha seguido donde vamos. Y queremos que se vayan con un buen sabor de boca.","Really if it's a change in terms of professionalism, because there are more people on stage, there is more production behind and that's what we want to bring to all the public, because the public has always supported us and has followed us wherever we go. And we want them to leave with a good taste in their mouths."
"Sí. O sea, hicimos música que tiene que ver con nosotros, que tiene nuestra esencia, pero que tiene una letra y un contenido. Obviamente, este álbum incluye una de las canciones que ustedes vieron que presentamos en los TikTok Awards, que es de la que si les podemos hablar así abiertamente, que es deso de 3.","Yes. I mean, we made music that has to do with us, that has our essence, but that has a lyric and a content. Obviously, this album includes one of the songs that you saw that we presented at the TikTok Awards, which is the one that if we can talk about it openly, which is desire of 3."
"¿Obviamente este es un ritmo, esto es esta canción es fiesta, es pues para meternos en las ligas de las rolas Bailables para el antro, verdad?","Obviously this is a rhythm, this song is party, it is to get into the leagues of the danceable songs for the club, right?"
"Y toda esa cosa y está muy divertida, ahí la ahí la van a poder encontrar. Noticia grandísima que en mi turbo les sabía. Vamos a incluir un nuevo éxito, el cual yo ya escribí y quiero cantar un estribillo, me das permiso, ay.","And all that stuff and it's a lot of fun, there you will be able to find it. Big news that in my turbo I knew. We are going to include a new hit, which I already wrote and I want to sing a chorus, do you give me permission, oh."
"Ya eso no sabía gran sorpresa. A ver, Ay, Ay, qué, Ay, Ay, Ay, Ay, Qué, Ay, Ay, Qué, Ay, Ay, Ay, Qué me puse bien, perra, bien potra, más o menos iba y. ¿Quién va a pagar la grabación de eso?","I didn't know that big surprise. Let's see, Oh, Oh, what, Oh, Oh, Oh, Oh, What, Oh, Oh, What, Oh, Oh, Oh, What I got really, bitch, pretty much went and. Who's going to pay for the recording of that?"
"Yo la. Voy a grabar allá en mi casa, en una esquinita con. Tula. Si tú lo vas a hacer adelante, reinota con. Un microfonito. Pues lo va, pero yo lo grabaría el. ¿Productor, me va a dirigir? No, no, pero. ¿Te gusta el ritmito? Ay, Ay, Ay, Ay, el.","I the. I'm going to record it there at my house, in a little corner with. Tula. If you're going to do it go ahead, queen with. A little microphone. Well it goes, but I would record it the. Producer, is he going to direct me? No, no, but. Do you like the rhythm? Oh, Oh, Oh, Oh, the."
"Qué el qué, el. Ritmito hay que hacer. Un ritmito, Ay, Fíjate. No soy fan. Oye, no, pero puede ser. ¿Ay, es que espérate hablando de esto, oye, sí, y si les damos de sorpresa?","What the what, the. Rhythm we have to make. A rhythm, Oh, Notice. I'm not a fan. Hey, no, but it can be. Oh, is that wait speaking of this, hey, yes, and if we give them a surprise?"
"¿Ah, no, no le va a tocar a Tijuana porque spoiler se viene una rola padrísima que estrenaremos especial para el Palenque del momento y 2 rolonones nuevos cuál posible? Órale vamos a trabajar, no, posiblemente. La cantemos en Tijuana, puede. Ser, pero si no, pues para la que.","Oh, no, it's not going to touch Tijuana because spoiler a great song is coming that we will premiere special for the Palenque of the moment and 2 great new songs which possible? Come on let's work, no, possibly. We sing it in Tijuana, can. Be, but if not, then for the one."
"La. Quemaríamos la quemaríamos pero va a estar muy buena, va a estar muy buena usted. Vote si quiere un. ¿Bueno, original o quiere un cover, cómo te has sentido en esto yo? Recuerdo que cuando iniciamos yo la verdad, si llegué a decir, yo dije, yo no me no sé, no me da la música, a lo mejor yo no puño, no quiero.","The. We would burn it we would burn it but it's going to be very good, it's going to be very good you. Vote if you want a. Well, original or do you want a cover, how have you felt about this me? I remember that when we started I really, if I came to say, I said, I don't me, I don't know, I don't give music, maybe I don't fist, I don't want to."
"A mí me encanta la conducción, pero sí me gusta mi fragmento de turbo cantante, o sea, ya estoy empezando como a conectar, dijo una sabia invitada que verá. Siento que sí, ya estoy encontrando como el toque de nuestra música, yo creo. ¿Que hay veces que el tiempo, la mente, lo que tú quieras no nos da tanto como para la improvisación?","I love hosting, but I do like my singer turbo fragment, I mean, I'm starting to connect as a wise guest who will see. I feel that yes, I am already finding like the touch of our music, I think. That sometimes time, the mind, whatever you want doesn't give us so much for improvisation?"
"Ajá. Y creo que ahora en esta etapa en donde cantamos improvisamos bailamos, le estamos dando al público una probadita de cada cosita que sabemos hacer y eso es padre lo. Vende, yo creo que. El público y nosotras mismas.","Uh-huh. And I think that now in this stage where we sing we improvise we dance, we are giving the public a little taste of each little thing we know how to do and that's cool it. Sells, I think. The public and ourselves."
"Nos sentimos como conformes de ah, mira, no solamente porque muy a tu nivel. Obviamente lo disfrutaba, pero sí había un momento en donde yo decía, es mucha improvisación, o sea, no sé si la. Obviamente a la gente le gusta, pero llega el momento en donde dices, quiero ver otra cosa, pero así es la esencia.","We feel like content ah, look, not only because very much at your level. Obviously I enjoyed it, but yes there was a moment when I said, it's a lot of improvisation, I mean, I don't know if the. Obviously people like it, but there comes a time when you say, I want to see something else, but that's the essence."
"O sea, si le. Gusta a la gente, entonces en las. Amponas van a ver una probadita de cada cosa de la que sabemos hacer y obviamente estamos súper seguras. De que la gente le va a gustar, que de hecho los promocionales. Tienen un toquecito y nuestro canal de YouTube. El de enfrente también tiene un toquecito de esa nueva rola.",
"Así es están. Lo hemos hecho para. Divertirnos y para que ustedes se diviertan y pensando, obviamente en subirle el nivel a cada cosa que nosotros hacemos, porque pues es la idea no ir creciendo día con día. Oigan, y pues de verdad. 1000 gracias por apoyar el podcast del momento se vienen muchísimas cosas, el podcast del momento uno termina, no crean, eso es mentira, no eso.",
"Temporada seguimos el próximo domingo, los esperamos vayan apoyen también el otro canal, queremos llegar a los 300000, apoyen aquí el Podcast, queremos llegar a los 200000 y qué mejor que los 2 llegáramos a 1000000 quiero también. Que se suscriban, comenten y la neta reciban los próximos capítulos que van a ver en el podcast del momento con muchísimo amor, porque realmente va a sonar trillado, pero es algo que hemos estado trabajando y tener esas 2 artistas.",
"Todos los que se bien, o sea. ¿Realmente es algo? Que queremos y lo hacemos para ustedes, porque ustedes siempre se han merecido lo mejor, porque sí, la verdad lo. ¿Mejor entonces? Suscríbase al podcast del momento, vaya y compre los boletos si está en Monterrey o cualquier ciudad, cheque, www.turbulence y burritaburrona.com.",
"Para que ahí pueda ver toda nuestra gira, dónde nos vamos a estar presentando y puedan comprar sus boletos directamente, ahí no se quede. Si a usted le pasó en la verdadera Navidad o en muy a tu nivel uno o 2, es decir, Ay, me voy a esperar. Yo le recomiendo de corazón, no es porque yo sea la burrita.",
"Cómprenlo porque luego se quedan sin boletos neta, no se van a arrepentir. Se los juro que les va a encantar, hay mucha diversión, hay muchas cosas y estén atentos ya a muy a tu nivel y a las redes de burritas las redes mías a las redes de mamamel porque está ya a punto de salir el álbum.",
"Estamos súper contentas, esperamos lo reprodúzcan, lo traigan en su carro, disfruten de las canciones, conecten con nuestras canciones, están para las primeras 2, están para dedicarse, están muy lobas. Están muy padres, o sea. Y hablando de música y de todo esto, de apoyar, de apoyar, queremos que nos ayuden a una búsqueda, por favor hablando, y también que queríamos apoyar a las a las dragas y a los talentos en busca de Andrea, de Andrea, la chica.",
"¿Que se hizo viral en el Pal Norte? Por favor, había un poco de gente y sus amigos viéndola. Entonces queremos que Andrea nos abre el Palenque del. Momento y venga aquí, venga al podcast del. Momento y la gente que la conoce no la conoce, la vean el fragmento de las amponas.",
"Y pues que obviamente siga creciendo su carrera, porque eso debe de ser entonces Andrea, te estamos buscando ampona te estamos buscando para que. Vengas al podcast del momento y conozcamos tu música y nos dé unos cursitos de sin. Sin pago, sí, sin pago, Andrea.",
"Se le llama así, se le llama Tour. De medio y te traes a la amiga para. Conocerle el rostro, por favor, la amiga también muy famosa. Todo el look se veía muy perra. Ay trae un show de mezclilla. Y ya no, pero ella traía. Una blusita como de Brillitos Ah Andrea traía un.",
"¿Palazzo traía un palazzo, pero sabes algo que le bueno? Eso ya se lo diremos y conseguimos a Andrea. Aquí le decimos todo, ojalá que Andrea pueda estar. Aquí en el podcast, muchas. Gracias por vernos este suscríbanse y ahora vamos a una sección que Por Primera Vez en el Podcast vamos a hacer y por escucharnos porque.",
"También nos pueden escuchar por Spotify y por Spotify si a usted le gusta esta. ¿Sección, díganos y con todo gusto la dejamos, la dejamos o usted aquí? ¿Pónganos, recuerden que hoy este vídeo es para que usted escriba a quién le gustaría ver qué le gustaría que hiciéramos en el podcast? Si quieren que tengamos una dinámica ya o que sigamos siendo así las comadres que nada más platican y lo vamos a leer y estaremos ahí atentos.",
"Ahí estará Melanie y kabuki al pendiente de ustedes, así que en estos momentos. Y no se les olvida los. Tampones nos. Hicieron preguntas, vamos a las preguntas. Y. Pues.",
"A mí me encantaría tener a Rihanna, pero pues no hablo inglés. Me gustaría también tener a Juanes. Ana Martín, Jay de la Cueva, que se acaba de independizar.",
"Me encantaría, obviamente a María León. O sea, sería un agasajo tener a mi Chiquita María León. Y obviamente, pues Thalía, Thalía, pues me. Ganaste 2 respuestas, creo que uno de mis sueños sería conocer a Juanes y qué mejor entrevistarlo, bueno, no entrevistarlo platicar con él para decir un dato curioso, es mi retención favorito, a lo mejor me lo topo en.",
"Colombia, Güera, Ay, qué emoción este y. Por ejemplo, también me encantaría conocer un poco de la esencia de León Larregui, conocer cómo se hace ese tipo de música, el rock alternativo y todo ese tipo de cosas, pero mencionaste artistas que la verdad es de aprendizaje.",
"Dije, o sea, una María León, Qué bonito escuchar todo eso, pero hay unas artistas que en lo personal me gusta mucho. Ay, yuridia, Yuridia, hay unos artistas que en lo personal este me gusta mucho su música, de hecho desde la secundaria la escuchaba y me encantaba. Creo que ellas en mi época de secundaria se volvieron como la inspiración de decir, Ay, quiero ser artista, quiero ser cantante, no, no, tampoco, no soy tan viejo.",
"Pero sí su esencia, siento que va muy con nosotras y me encantaría que a lo mejor pudieran estar aquí algún día las Hats Gloria Trevi. Imagínate, no, no siento las. Hats, creo que son. Desmadrositas, sí, creo que son súper. Desmadrados la yuridia también, sí.",
"La yuridia, imagínate. Tener aquí a la. Yuridia, pero pues nos encantaría. Ojalá, mira, ya lanzamos. Al universo falta que se cumpla Mister Ampolo cómo se llamaba el. Señor de aquí suga, Papa siguiente. Pregunta. Sí, mira si. No tienes con quien ir al show, Déjame decirte que el que esté al lado tuyo, ya sea a la derecha OA la izquierda, va a estar en el mismo contexto que tú, porque va a ir a disfrutar el show, entonces no te vas a sentir sola, te vas a divertir y aparte las",
que dure el show.,
"Vas a estar riéndote, entonces te vas a olvidar de que estás sola, que no tienes a nadie, que nadie te quiere y que tuviste que ir a un show que sola Mona eres, o sea. Apenas apenas iba a decir algo bien bonito que acababas de decir Pinche perra. ¿Cómo dices eso? ¿No? Yo creo que a partir de esta gira creemos una comunidad.",
"¿No vamos a crear una comunidad y puedes ir solo y ahí yo reto a los ampones que cuando comience la vamos a dormir con ella al hotel no reto lo reto, los ampones que cuando comience nuestra gira a usted, cuando llegue y se siente se presente con el día hola, qué tal soy?",
"Y todos nos hagamos amigos y pregunte si va solo o no para que todos nos sintamos, sintamos en familia y de una vez te digo, no vas a salir con el amor de tu vida porque tampoco, no sabes, no somos 12 corazones, mira, conocemos, tenemos una gran ampona que se llama. Diana y ella fue sola a vernos a Guadalajara y se hizo súper amiga de otra pone Guadalajara la soledad te.",
"Sienta bien y ahora creo que ya tijera y. Todo qué chupadon y todo. Chupa, Papa, la siguiente. ¿El podcast del momento fue creado porque queríamos monetizar la verdad, no? Porque pues obviamente existen las colaboraciones entre youtubers e invitarlos a nuestro canal de comedia.",
"A bueno, y le hago así porque aquí le vamos a poner un cameo para que conozca un poquito de lo que existe aquí. Tenemos aquí otro SET, sí. Está padre invitarlos, pero a veces siento que se sentían como ay, porque nosotras estamos buscando los chistes en ese canal. En ese canal tenemos que tener la agilidad.",
"De hecho, para dato curioso, la neta no podemos grabar más de 2 videos de ese de ese canal porque. Pues se nos va los chistes, se nos va, se nos va en el podcast se. Buscó que fuera un espacio para que nuestros invitados, artistas, cantantes como quieras llamarle, tuvieran un espacio más libre de tener una platica con nosotros formal por eso también usted aquí ve que no me fragmento tanto chisme.",
"¿Que no hago tanta? ¿Interrupción, pero pues al final de cuentas sigue nuestra esencia, pero dándole lugar al artista, verdad? La siguiente sugar Papa. Y lo único que puedo responder a esta pregunta es que nos encanta el Chile en Monterrey y que Chile no sé, yo no sé, y que.",
"Chile, Chile. Ra, ra, ra es, pues ojalá Chile nos. Reciba, ojalá nos reciban y. Con un qué y con un Chile con un chilote relleno. No, no, no, no. Nunca ha habido como esta atracción, no, porque a mí no me gustan las feas para empezar ni caras de hombre.",
"A mí no me gustan las uds, las féminas. No que mira fue la amistad, a mí no me gustan las. Las que parecen macho ya no, pero aquí les voy a saltar una foto de que. Anda trailerita, no, oiga, porque.",
"Son tercas, siempre hemos sido amigos, de hecho cuando nos conocimos. Éramos de un grupo de amigos, pero ella casi no une, ella ya anduvo con todos. Sus amigos mentirosa, yo soy la. Única que no le ha. ¿Dicho que sí, porque la verdad, yo no me presto esas marranadas, no se presta, no la pelaba, no?",
"Le decía nada, ay, no, también por. Amargar a nadie, la pelaba todavia fea la pequela toda. La burrita tiene papá o es que ustedes ya quieren hacer aquí todas las digas ya tengo 3 Burras, es más si supieran tengo 6 burras en mi casa, bueno ya se las di a la botarga, no me cabe, ahí viene este y tengo 2 mamá, 2 pulgas llama Botarga no, pero se antoja un papá en un futuro.",
"En un futuro hay, pero déjenme darles el intro. Porque la gente merece que yo responda con claridad, con claridad y sincera si tengo un papá. Pero es pertenece al mundo, es famoso mi papá.",
"Entonces no podemos decir su nombre. ¿A qué se dedica? ¿Porque darían con él? Ah, OK, le. ¿Gusta guardar su identidad? Sí, yo nunca he usado su. Apellido. Me da dinerito, verdad de hace poco, pero si es famoso y todo hubiera. Utilizado su no, yo quise iniciar.",
"Mi carrera y porque mamá melanito sí es. ¿Bien, cómo se dice agarrada? No, ella es bien colgada, pues ya lo hubiera dicho güey. O la tiene firmada con papel, no sé, o sea, entonces mamá melanito es como cuando Luis Miguel era aceleramos y ya tuvo una relación fuerte con alguien poderoso. Y de ahí naciste tú.",
"¿Y terminaste vendiendo tostadas a la Siberia y en el pollout yo no así siempre, qué? Poderoso tu papá. No, yo nunca quise usar. Su nombre, si yo hubiera sido su nombre, yo era la dueña. Del pollo loco, pero yo quiero ganarme en.",
"Mi lugar en la industria, tú vas a luchar, sí, yuca. Papa dijo, mi amiga, yo me voy. A ganar el lugar en la industria y me lo gané. Pues ya me he dado cuenta. ¿Que mucha gente que no es de la Comunidad nos sigue y nos conoce?",
"Sí, hemos sentido muy bonito cuando. Estamos burrita y yo los meet and greet las experiencias amponas. Que nos han llegado parejas de verdad y es es es que voy a aclarar una. Cosa mi tangrid es la foto, no crean que nos vamos a quedar 2 horas Platicando con ustedes porque luego no falta la despistada que pone de mamá, me tomé la foto que querías jota, que te hiciera un huevo.",
"Un huevito con charito Cantáramos, la de mayo. Vive. En privado, en privado, si trae, pague. Si no nomás diga adiós y ya la última a Chugar papá. Hasta ellos saben cuánto. Llevamos, qué bonito y qué.",
"¿Bonita pregunta, Eh? 2 años 3. Meses y 10 días tu. Mayor enseñanza y",
"creo que mi mayor enseñanza. Es. Que al principio uno tiene la mentalidad de quiero ser famosa y quiero ser youtuber y voy a poner mi Cámara y ya OK, sí, se vale, así se empieza, pero realmente si quieres llegar a las altas esferas como le llamamos, hay que tener mucha perseverancia.",
"Creo que en estos 2 años y medio que hemos estado grabando el canal y el podcast, creo que la perseverancia es la palabra correcta porque hay veces que. No tenemos tiempo, hay veces que se nos atravesaba la gira, hay veces que uno no se siente bien o que viene de viajar y aún así pues estábamos aquí dando la cara, haciendo contenido y yo creo que lo que he aprendido es a que tenemos que trabajar.",
"¿O sea que no porque ya seamos turbulas y la burrita nos vamos a sentar, vamos a flojear, no? Siempre estamos pensando que más darle la gente para que hable de nosotros y sobre todo para que se divierta. Yo la enseñanza que me ha dejado es que aprendí a que el trabajar te enseña, a tener que aprender, a trabajar más para que las cosas se logren.",
"O sea, yo siempre les digo, OK, trabajen para que puedan luchar y busquen sus sueños, pero cuando llegan ese tipo de oportunidades, esas cosas, tienes que aprender a poder llevar ese trabajo y es un trabajo muy cansado y es de las mejores enseñanzas que tengo. Y he descubierto a ese eriki, a esa turbo que.",
"Que hay detrás de todo eso y me fascina. O sea, me gusta mucho como ponerme metas y decir, quiero hacer eso y lo quiero lograr y busco trabajo y lo lucho para poder hacerlo y es lo que más me encanta y sobre todo, como dice burrita, o sea la perseverancia, la cómo se dice o sea el cuando tienes que ser como constante, la constancia en.",
"La constancia no, pero el otro como. La el ser paciente AA que las cosas vayan fluyendo y así he aprendido que mi lema de que el universo te pone las cosas. Sigue siendo real y me encanta y soporte. Entriponas y más. La chona, mira, así que nos vemos.",
"El inicio de las antonas del 2626 en Tijuana. Del foro y el 27 en. Mexicali, vamos a Mexicali. Este también coméntenos aquí lo de los invitados, lo de las rugby estén atentos a todo esto. Díganos si esto les gustó y podemos ir haciendo.",
"No sé cuántos episodios llevamos del Podcast. ¿Pero a la mejor cada cierto episodio, así como aquí podemos hacerles esto y platicarles de lo que nos pasa, verdad? Así es, no olviden. Suscribirse, activar la campanita y compartir este vídeo con quien más confianza le tenga. Mira para que cada vez seamos más más hampones en este mundo y pues gracias festejando. 40 episodios del podcast del momento, 40 episodios.",
"Y lo único que les digo es. Que los próximos videos van a ser un regalazo para todos nuestros seguidores porque sé que los van AAYA. ¿Disfrutar de verdad? Muchísimas gracias. Ampones cualquier información que quieran, ya saben que pueden ir a visitar triple W, punto turberlands y burritaburrona.com.",
"Ahí está toda la información, el Palenque, el momento no se confunda, no está en ese link porque es un show externo que tenemos especialmente para el domo care, solo para Monterrey, pero lo incito y lo invito a que venga y disfrute de una. Las ferias más icónicas de toda la república, que es la Expo feria ganadera, Expo Guadalupe 2024 y va a haber muchos artistas en el domo care, entre ellos el 30 de abril, el Palenque del momento de Turbulence y Burrita Burrona celebrando el día.",
"Del niño festejando el Día del Niño no se lo. Pierdan, estará padrísimo, vayan y estén atentos en nuestras redes para que disfruten de nuestro nuevo álbum, que es nuestro primer bebé, así es nuestro primer. Bebé nuestro. Primer nene. Y pues de mucho. Y pues. Nada. Muchísimas gracias, recuerden que yo.",
Yo soy chevlet y yo soy la auténtica. E icónica Burrita Burrona Suscríbase active. La campanita y no se pierda el próximo domingo a las,
"de la noche, el podcast del. Momento con una gran invitada y también va a reproducirlo. En Spotify hasta la próxima pone la invitada, empieza con las bragas del momento, son vestidas por indumentaria.",
