"Bueno, bienvenidos una vez más a cero miligramos, un espacio para hablar de salud mental. En este capítulo vamos a hablar de fobias y es uno de los temas que más me llamaba la atención hacer a mí, porque yo tengo metofobia, que fobia, vomitar y mucha gente me dijo que se dio cuenta que también la tenía cuando me escuchó a mí contarlo."
"Por eso creo que en este capítulo vamos a descubrir fobias que ni siquiera sabemos que existen y voy a estar acompañado por Diego. Topa. Conductor, Marisa Torre alday, coordinadora de fobia club Liliana."
"Psiquiatra y también por Gustavo Bustamante, psicólogo especialista en fobias. ¿Bueno, cómo está Gustavo? Muy bien, muchas gracias. Bueno, malditación Gustavo es el Presidente de la fundación fobia club, quiero que sepas que yo mucha, mi mamá muchas veces me dijo Te voy a llevar a fobia club y no, no, no terminaba yendo, yo tengo tengo fobia también mucho tiempo tuve como AA viajar, pensaban que era el avión, pero no era el avión, era estar lejos de mi casa entonces y de grande."
"Bueno, desarrollé una una fobia a vomitar. Hoy la la sigo padeciendo a niveles altísimos, así que me parecía justo, muy interesante hablar con vos. Siempre investigué mucho de fobia club y bueno, ahí tengo la oportunidad de tenerte ya acá te tenemos acá."
"Mira lo si la escuchaste a tu mamá. ¿Un poco más es cierto, gus? Quiero preguntarte. ¿Primero, qué es una fobia? Una fobia es un miedo, pero es un miedo irracional, desmedido, desproporcionado."
"A veces la gente dice, tengo fobia a usar tales colores y después lo ves con ese color puesto. No puede ser una sensación de rechazo, de molestia, de incomodidad, de e inclusive hasta de asco, pero una fobia es mucho más."
"¿Por qué? Porque primero la persona tiene una reacción totalmente desmedida cada vez que se enfrenta a ese objeto OA ese animal OA esa situación, por ejemplo, pensemos subir un ascensor. Y a partir de ahí desarrolla conductas que son de evitación, dice."
"Bueno, yo no voy a ir por el ascensor, voy por la escalera o yo no quiero ir a un lugar donde hay perros, mejor me quedo en casa, evito esa reunión y empieza un factor cognitivo que es estar anticipándose siempre."
"La ansiedad está hacia el futuro y la fobia es un trastorno de ansiedad. Entonces siempre está pensando cómo evitar el riesgo de contacto justo con ese objeto o situación. ¿Y se sabe como bosque hace cuántos años que está con folio club?"
"27 años. O sea, ha visto todo tipo de fobias, me imagino muchas, muchísimas. ¿Has visto gente con con fobia del vómito como tengo? Yo tengo pacientes. Ah, mira al día de hoy lo que me interesa. Esto tengo pacientes tengo, pero lo lo interesante es que hay profesionales, hay colegas."
"Hay un montón de personas que bueno, lo ocultan durante mucho tiempo hasta que un día vienen y buscan también, Claro, pero por lo general vienen a los 30 años el promedio, Claro, y uno piensa todo lo que perdieron. ¿Porque la fobia te hace perra de calidad de vida, situaciones, no?"
"Así que sí. Sí, bueno, terminamos esto y me sumo a follar. Bien. Al club sí, escúchame y se sabe. Como cuándo se origina, o sea, cuál es, cómo nace una fobia o de dónde viene una fobia o por qué una persona sí, o sea, desarrolla una fobia."
"Cada caso es muy particular y hay algunos que lo vienen desarrollando muy prematuramente. En la primera infancia aparecen reacciones. Son chicos por ahí, hipersensibles, temerosos. Que perciben su ansiedad en forma desmedida."
"Entonces aparece un estímulo y empiezan a tener la descarga. Por ejemplo, aparece un sapito en el medio del campo y ya les genera mucha angustia, mucha preocupación y a partir de ahí empieza la fobia. Otros tienen un origen traumático."
"Es decir, viene alguien y lo asusta con algo o tuvieron una situación traumático. ¿Esto que decimos el que se quemó con leche de una vaca y llora, no, entonces alguien vivió un ataque de un perro o escuchó otro, se identifica por qué?"
"Porque se llama aprendizaje vicario, un familiar tiene esa fobia y todo el tiempo se la pasa hablando de eso. Ay, no, qué asco las palomas, ay, me da un asco el pico, mira si te toca, nunca toques un ala, una paloma, nunca una pluma. En novas es una plaza y el chico aprende de ese familiar esa fobia."
"Y hay algunos otros que tienen una fobia que digo deductiva, empiezan a pensar, sí, mira, se puede caer el avión. No me gustaría que se caiga mi avión. ¿O cómo será una turbulencia en el medio del aire? No, yo no me subo nunca al avión, es decir, nunca pasaron por la experiencia."
"A veces no tienen ningún familiar que haya pasado por una turbulencia, pero tienen una fobia a subirse al avión. Entonces lo que sí sabemos hoy es que hay una predisposición genética. Las personas que tienen fobias tienen una capacidad más alta para sentir la ansiedad y tienen un sistema que está más acelerado, es decir, tienen reacciones mucho más prematuras y siempre el ser humano básicamente quiere 2 cosas."
"Sobrevivir y procrearse son las"
"grandes intereses biológicos que tiene y entonces la fobia se basa en eso. ¿En qué se diferencia una fobia a un miedo normal? ¿Es que el miedo tiende a ser racional? ¿Es adaptativo?"
"Está bien tener miedo porque si no, la verdad, no, no existiríamos. Y durante mucho tiempo, quizás las fobias que tenemos ahora fueron miedos adaptativos, por ejemplo, a la altura. Bueno, si la gente se subió a un árbol muy alto, cómo bajaba, cómo si estaba en una montaña, tenía riesgos, si tenía miedo a las tormentas, eran todas miedos naturales, ilógicos, inclusive a las cucarachas OA los insectos."
"De alguna manera tenía un miedo racional, sabía que lo podían contagiar, que lo podían picar. El miedo siempre está basado en algo real inmediato. En cambio, la fobia se va construyendo primero empieza a ser irracional."
"La gente a veces me relata y dice, yo tengo fobia a las arañas. ¿Y qué parte de la araña los dientes? ¿Entonces dice, cómo llegaste a ver los dientes totalmente irracional? La creencia no, porque si me toca el sapo me va a generar una enfermedad muy cargados de mitos."
"Muchas veces la fobia es desproporcionada, es un miedo, pero es desproporcionado. Está bien que si vemos un caballo tomemos distancia porque es alto, fuerte, grande. Nos puede, sí, ahora que no lo pueda ver ni siquiera en un documental que no lo pueda, que no pueda escuchar la palabra caballo."
"Ahí estoy realmente teniendo una fobia por por la magnitud, lo desproporcionado y además el miedo en general, nosotros tenemos miedo por algo inmediato. Escuchamos una explosión, reaccionamos, tenemos miedo, pero no vamos haciendo todo un libro de los miedos, porque muchos de los miedos que tuvimos nos olvidamos."
"¿En cambio, el fóbico hace anotación de un registro permanente, de donde ocurre, de cuando le pasó, por qué? ¿Por qué quiere controlarlo? Quiere en otro momento tener la capacidad como para o evitarlo o afrontarlo con cierto reaseguro, no."
"¿Marisa Contanos cuándo empezó tu agorafobia, Cómo empezó? El. Empezó en el año 1097. Me hablo con un ataque de pánico durmiendo, o sea, estaba dormida y me desperté con un ataque de pánico horrible que."
"Nunca había tenido antes. Nada, tengo un síntoma, ningún aviso, ningún click, nada, nada se ven que había venido al Caribe estaba. Feliz y bueno, me desperté, se me venían las paredes encima tati."
"Tati Cardia Transpiraba me quería bajar de la cama. No podía. Lo único que logré fue sentarme, pero me. ¿La Universidad, me muero, me muero y fueron 1520 minutos, qué te parecen 20 horas?"
"Estaba con mi marido, estaba con mi marido y bueno, no sabía tampoco lo que lo que me pasaba. Y bueno, después, cuando se me fue calmando, fue bajando, pues. Te cuesta un poco recuperarte, pero me acuerdo que lo primero que hice fue bajarme de la calma e irme a bañar todavía."
"Cuando me baché me lavé la cabeza y ahí tenía vértigo. Todavía mucho vértigo. Ahí comenzó y ahí. ¿Mi vida dio un giro total, vos? Antes no tenías problemas en salir en la nada. Nada."
"Yo salía, entraba aparte, era chispa de no quedarme quieta, de ir, volver ir, o sea. No era de quedar en menos, de estar quieta para nada, ni salía a todos lados. Iba viajaba a sola sin problemas a donde me mandaran."
"No tenía problema y en ese momento cambió. Cambió de bueno el otro ataque de pánico siguiente me agarró en el supermercado. Y la verdad que cuando estaba con mi marido me llevó a la camioneta y cuando yo me miré en el espejo de la camioneta, mi cara se había transformado, era otra persona."
"Y bueno, ahí empezaron los síntomas de dejar el transporte público primero. Porque me da temor después dejar de cruzar las avenidas, después dejar de cruzar las calles."
"Después dejé de trabajar, yo trabajaba con él, abandoné el trabajo bueno con mis amigas, les mentía porque yo mentí, porque tenía vergüenza. Hasta mi marido le mentí porque marido se pensó que tenía depresión."
"Yo le mentí a mis amigas, decía no, hoy no puedo. De mi chaval no, no voy. Bueno, hasta que 10 veces ya no me llamaron más. O sea, tu vida pierde perdés una calidad de vida total, pero en mi cabeza era siempre tú, tú, tú, tú que tengo, que tengo, que tengo, que tengo."
"¿Qué es lo que me pasa? Yo tocaba el picaporte de la puerta y la mano. Me transpiraba porque sabía que tenía que salir a la calle. Y enfrentar todo ese miedo. Terrible, terrible miedo, paraliza y es verdad. ¿Es verdad?"
"¿Es verdad? Y vale. ¿Y qué es lo que te da vergüenza? ¿Y me da vergüenza contarlo, que tenía miedo a algo cotidiano, que todos hacemos porque caminar, cruzar la calle, tomar un colectivo, tomar un suelte, lo hacemos todo, ir a comprar enfrente, ir a salir a la puerta, lo hacemos, si son, no lo podía hacer, si me van, qué me van a decir, me van a empezar a decir no, no es mentira, no, qué qué te pasa?"
"¿Poné voluntad, ponés el alma, no ponés voluntad, ponés todo lo que tenés adentro? ¿Y no, no? ¿Te paraliza? No, ese es el el. La incomprensión de la gente siempre es enorme."
"Es el famoso bueno, si estás mal, bueno, dale. Estate bien. O sea como. ¿Que pone voluntad? Se lo pone fuerza, pero no, no. Yo lo que más quería era eso y bueno, después. Seguí mintiendo, no pude."
"Después me agarró que no podía tragar durante 5 años comida sólida entonces. Así que comía puré y lo sólido como que lo dejaba. Ahí lo tapaba con el tenedor y el cuchillo para que no lo vea. Estuve 5 años, que no voy a comerte carne, pollo, nada que fuera sólido, no me no lo pasaba, se iban agregando síntomas, después irme, meterme en la ducha era un infierno, tenía que duchar sentada porque no podía."
"Yo salía así al parier yo tengo parier chico no, que tengo un parier larguísimo, un parier chico. Miraba así el parierse me movía. Entraba y caminaba a la cerámica a ver si las caminaba derecho y las caminaba derecha. ¿Qué es lo que te va a escribir a nombre?"
"Escribir a los nombres, los los números de teléfono, todo a ver si me si estaba bien de de la memoria, si me acordaba todo. ¿Si si era algo más? Si era otra cosa y si me acordaba de todo lo que no me concentraba porque si quería leer, leía 2 páginas y volvía a la primera."
"Porque estaba en eso. Miraba la televisión y era una película y yo miraba. Miraba los dibujos porque lo lo que decían no, no lo estaba. Qué es lo que me pasa, que es lo que me. Pasa, no estabas presente, nunca te ocupaba. Como tu 100 por. Ciento te lo ocupaba, no párala."
"Y mi marido estaba ahí. Bueno, vamos a comer afuera, no, porque me siento mal porque no quiero. Él se pensaba que estaba depresiva y yo negada a ir a otro lado. Lo que sí era algo sabes que yo miraba por la ventana."
"Tengo ventana, va todo a mi departamento de la calle, pero miraba el ventanal del comedor y decía, qué suerte que tiene la gente que puede caminar y que puede tocar un colectivo y no se da cuenta y yo no lo puedo hacer y tengo todos los sentidos. Ciego y digo, mira, nos ve y puede hacer esto, y yo tengo todo y no puedo hacer nada, no puedo hacer nada."
"Diego, vos tenés colombofobia, que no es una fobia a las palomas, sino a todas las aves o no. A todas las aves sí se dicen más colombofobia por las por porque se identifica con las palomas, pero en realidad yo con todas las aves a full mal."
"Yo desde chiquito no le tenía fobia, eso es lo loco, porque a mí me encantaba. Yo iba a la granja una granja y me me gustaba jugar con los pollitos, que sé. Yo no tenía nada de miedo y no puedo recordar cuándo empezó todo. Sé que me empezó a suceder, pero no recuerdo el día de la primera vez que me pasó."
"Fue como que se instaló de golpe YY algo que que que realmente me modifica completamente. Pero empezó a ser gradual. O sea, sentís que fue como que de un día para el otro empezaste como. A tener como. ¿Ese miedo? Empezó con unos recuerdos, te digo la verdad, con las palomas."
"Al principio yo no le tenía miedo, cuando era chico es de, fue más de grande. Yo empecé AA investigar desde dónde me había empezado a pasar eso y yo tengo el recuerdo que iba a un zoológico que se llamaba el zoológico de Putin y que yo no sé si todavía sigue estando."
"YY ahí había muchas, muchos animales sueltos. Y tengo el recuerdo de un avestruz que es un ave muy grande. Que me había me persiguió, yo tenía una una. Tenía una bolsita con galletitas para darle de comer a las aves y a los animales y me atacó."
"Desde ahí vino y me atacó y no sé si desde ahí me agarró el miedo que tengo. Atacó. Te atacó, te atacó, sí. Sí, no, no, es que me atacó, me agarró. La. Bolsa con todas las galletitas YY pero cuando desplegó las salas y todo eso, o sea, es enorme y me acuerdo."
"Que me asusté un montón, pero no recuerdo si fue ahí que tenía miedo antes o después. No sé, porque es como que. Pero me cambió el órgano. Y eso, o sea, vos ya le tenía, no, no, es que le tenía miedo. Las. Aves todavía. No tengo, no me puedo acordar. Claro, eso es lo loco porque cuando lo lo he hablado en terapia no tengo un orden cronológico."
"No, no, no, no lo recuerdo. ¿Qué tan grave, o sea, cuánto te afecta a vos en en tu vida cotidiana, como la la fobia esta en? Realidad, me fui acostumbrando, o sea. ¿Me afecta de si voy caminando por la calle y hay una paloma, no, no respondo de mí si la tengo cerca o pasa volando o la tengo al lado, no?"
"¿No, pero cuáles son los síntomas? ¿A veces un ave y que que no sé qué te genera, que cómo? ¿Reacciona, si las veo de lejos no me pasa nada, OK? El tema es cuando siento que que las tengo cerco que me pueden como atacar. Claro. Y me pasan cerca o el sonido o me me me empieza a pasar algo en el cuerpo."
"Claro. Empiezo a Transpirar, me me pongo nervioso si tengo que estar, si estoy en la calle y pasa una paloma. Y estoy con alguien. OO lo o me aferro, lo empujo, lo porque no, no puedo, no, no controlo mi cuerpo, no controlo lo que me pasa, no sé. Tuve que apenas entré a Disney, tenía que grabar una apertura de un programa de televisión y yo no sabía la apertura del zapping de ese del programa."
"Llegué al momento de grabación y tenía que y no me habían dicho. Hacía de un mago y tenía que sacar una paloma de adentro de la galera. Y yo dije, no lo puedo hacer, no, pero tenéis que hacer porque no lo puedo hacer. Y me empezó a agarrar una angustia y digo, pero no lo estoy haciendo a propósito, de verdad no lo puedo hacer."
"¿Este YY fue todo como una situación de de tal, no? O sea, pero déjate es 1 segundo, pero no tienen. O sea, es muy difícil a veces explicar lo que te pasa. Sí, sí, la gente no, no. ¿Entiende? No, no, no lo entiende. Lo terminaron cambiando, obviamente, porque me generó mucha angustia de verdad y pedí por favor, digo, no es de verdad."
"O sea, no, no lo puedo hacer, no joda, no lo puedo hacer, no, y lo cambiaron, creo. Qué colores, no sé qué que salgan de ahí, pero no, pero paloma no. No, no, chao, pero te pasa esto de del yo siempre cuando dices, yo tengo fobia al vómito de mediofobia."
"Y Claro, la gente, como como lo toman como algo normal que te debe pasar también con el tema de ver un ave, una paloma o lo que fuese, lo minimizan muchísimo y lo lo terminan tomando como algo. Sí, boludo, o sea, es vomitar. O sea, no puede ser que que vos le tengas fobia al vómito, o sea, te pasa que sentís la la incomprensión de no entender como el nivel de la fobia."
"¿Sí te pasa y de verdad no se entiende, EH? Y mi y te pone en un lugar a voz de de de vulnerabilidad muy grande porque es es a veces muy difícil de explicarlo. Que parece algo simple, pero no, no sé."
"Yo hay lugares donde no puedo ir cruzar congreso, para mí es como no puedo, no puedo ir. Me encantaría poder cruzar, pero no puedo. Voy a lugares donde hay palomas. ¿He ido a veranear? No sé a Río de Janeiro YY la playa está llena de palomas. ¿No podés estar, no?"
"YY he estado ahí un ratito y estás que te tapás y estoy a lo grito. Digo, no puedo estar. Acá. Claro, no, no sáquense loco de ahí. Pero ponele, o sea, ahora que dijiste la playa ponele las gaviotas, ah, también. Las gaviotas, o sea, no. Ya sabes, quizás tenías más puntos."
"Bien, las patas de la gallina no las puedo ver. Me dan, no, no, no, no puedo. ¿Escúchame, o sea, y cómo o sea, has tratado de de de analizarlo, de tratarlo, o sea, cómo es que lo tratás? He intentado hacerlo en terapia, lo he llevado a terapia, pero no."
"¿Es como que no sé, tengo otro problema, no? Sí, sí, pero es como que puedo convivir, aprendía como a convivir con eso y alejarme de de de situaciones. En mi casa, por ejemplo, en el fondo de Casa tengo paloma, pero no las tengo ahí, pero no están, no están cerca, no tengo lejos este, he comprado el espantador de palomas de un cosito negro que me asusto."
"Yo a veces cuando lo veo, me rico, te lo juro. No, no, no, no. Hay veces que te van sorprendiendo cosas con las gallinas, por ejemplo, yo le tengo, le tengo también le tengo terror de verdad. ¿Yo vivo en Mawich YYA veces hay gallinas caminando o por por por no por la calle, pero sí por la vereda YY voy caminando y aparece una gallina y me vuelvo loco, no, y si estoy cerquita de la calle te me puede atropellar un auto porque cruzo, o sea lo miro, no?"
"YY eso es. Lo. Que hice nada, no me dijo Quién está si empujaste, si no empujaste, si estás en el medio de la calle, no, no. ¿YY después lo que te genera, pues después te genera vergüenza, frustración, te sentís un huevón? Que no puede ser que tienes esta edad y te está pasando una cosa así, o sea, todo eso también viene y con la edad vas aprendiendo a acomodarte también, con eso no digo, bueno ya está, qué voy a hacer, me pasa hoy como papá, que tengo una hija que no le tiene miedo y digo qué suerte, o sea la veo que se acerca y no le tiene miedo y yo estoy y papá está lejos, o sea, este es o sea, imagínate que hago cualquier cosa por mi hija, pero si está cerca de no, no, no podría, no podría acercarme, no puedo, no puedo."
"¿Pero te pasó una vez de de sentir vergüenza por eso en la una situación? ¿Aceptable? ¿Sí te da vergüenza, obvio, te da vergüenza, pero desde que lo empecé a abrir, no? Me parece que es algo que está bueno decir yo también como comunicador también para las infancias. Y todo eso está bueno poder decirlo, que los chicos se identifican conmigo y hay muchos chicos que les pasa YY está bueno mostrar que que nada, que somos reales y que nos."
"Pasa una cosa, me parece como fundamental lo que decís también porque obviamente a vos te consume en público infantil y ese público infantil, o sea, va acompañado de padres que muchas veces no comprenden mucho. ¿Viste lo que le pasa a los chicos? Digo, me ha pasado a mí también. Viste que cuando bueno me voy a enterar de otra época, digo al principio de los 2000, pero."
"¿Toda esta cosa de que yo tenía yo tenía mucho miedo atragantarme, entonces era como que de golpe empecé a sentir que no me pasaba la comida, viste? ¿Y Claro, eso no lo veían por el lado de que, bueno, o está angustiado o tiene algo que no puede decir o tiene ataque de pánico, sino como que era bueno, estudios médicos, a ver qué tiene, viste como esta cosa, no?"
"Bueno, pero vos podés y Claro, bajaba tan bajé tanto de peso cuando era chico que no podía tragar, que ya llegaba a un punto, que que pobres ni viejos viste, se desesperaban para que no me pase nada a mí visto a. Esa. Impotencia enorme. Claro, entonces era comer."
"O sea, como que y ellos no entendían que a mí me estaba pasando algo. Por otro lado, viste YY es difícil, está bueno también lo que decís vos, no como nada que los padres sepan a veces viste que que hay cosas que o sea que tienen explicación, que vienen de algún lado, o sea, que que nacen por algo y que la mente también es una cosa que te puede llevar por cualquier lado y está bueno poder ver YYY tener en cuenta que que nada, que hay gente que necesita analizarse o el mismo los chicos también digo a mí de chico también me pasó que."
"Que sí que necesitaba está descubriendo un montón de cosas mías que que que. Aparte, tan tan a flor de piel están creciendo aprendiendo YY es cuando más el los más chiquititos es cuando más expuestos están en en, en todo, en sentimientos y en reacciones."
"Por eso está bueno acompañarlos y sobre todo con los miedos. Sí, sí, sí. Sobre todo con los miedos. Este si a un nene le da miedo. 111 gallina o un ave OO. No sé cualquier tipo de animal porque ahora estoy hablando de la colombofobia."
"¿Pero pueden ser las arañas? No sé la. Fobias a las arañas. Pero payasos hay un montón de cosas también que que los chicos viste como. No, no, no. Escúchame y te dio también digo desde el lado de la fobia, te ha desembocado a veces en en ansiedad o en o en otras cosas."
"O era como. ¿No te agarra aquella ansiedad por eso, por eso te no sé o te quieres ir al lugar, te quieres ir? Transpirás, a mí me me agarra que las manos me transpiran enseguida se me me no sé, me me pasa con la en las manos. Es como si fuera un ataque de pánico, pero no llega a ser un ataque de pánico."
"Por suerte, hasta ahora no viví nada donde una paloma realmente se había acercado, golpeado, Claro de eso. ¿Pero sí me pasa que te que tenga que? ¿No sé, nunca estoy con las ventanillas abiertas, porque esta cosa de que se te mete un pájaro o algo pasa, sucede YO sea, se chocaría?"
"¿No sé, me pasaría cualquier cosa por eso? No, no, siempre tengo las ventanillas cerradas. Tengo pánico a eso. Sí, sí, sí, aire acondicionado, no, no, no. Y me y que te han querido hacer, me han querido hacer chistes de meter un pajarito en o una paloma o algo."
"YO sea, me puedo enojar de no hablarte nunca. Más Claro, o sea, te te han jodido con eso, con el tema de la fobia, o sea. Sí, porque piensas que es un chiste que joda, no, no, ahora no, porque yo estoy más grande, pero pero sí, pero sí no, no, no. O sea, no, no, no, eso no lo no, te juro que no lo perdono."
"¿Marisa, cuál fue el momento que vos dijiste? Bueno, basta, necesito pedir ayuda, yo no puedo seguir así. Cuando ya no podía ni acompañar a llegar al coche que estaba parado en en la vereda, o sea. Llegar al tramo de la vereda no llegaba el palier, lo cruzaba, pero yo tengo un palier, tengo una escalera, otra escalerita, bueno, calorcito, iba agarrada de un coso así como no sé como si fuera a 10 pisos, así inclinado."
"Y cuando no llegué al coche ni acompañada, dije, Bueno, estoy loca. Yo pensé que estaba loca. Si es que lo pensás. Pensé, estoy loca, estoy loca porque no sé qué es. Estoy loca, no, no escuchaba nada y."
"Dijeron, mira, no sé intername en el mensano porque yo estoy loca. ¿Es cómo te voy a tener el mensano estás luego así y pero qué es lo que bueno le conté todo lo que me pasaba? Ahí Por Primera Vez a tu. Marido después de 10 años. Claro. 10."
"Años pasaron. Ay, Marisa. Sí y bueno. ¿Me entendió? Yo pensé que no me iba a entender. Me entendía, bueno, ahí empecé lo clínico, neurólogos, gastroenterólogo dentista, bueno, psiquiatra y psicólogo, pago psiquiátrico de hospital porque había un montón de casos recomendados."
"Siempre pasado por 10, todos me decían lo mismo, depresión, me hacían el psiquiatra, me hacían una receta, el chao y yo me lo tomaba todo con tanta fe que digo, bueno, con esto, salvo con esto, salvo y cada vez estaba peor, peor."
"Peor, peor, peor. Cada vez me sentía, no sé. Me sentía terriblemente mal. Morir. Nunca me sentí que me iba a morir, pero que iba a quedarme ahí encerrada toda la vida, sí."
"¿Y ese no era tu miedo, tampoco morirte, no? No tenía miedo. ¿Cuál era como vos podés como recordar o localizar tu miedo principal, si era a volverte loca, a qué te pasa? O sea, qué era lo que más te daba miedo lo que te pasaba."
"Estar encerrada. Querer salir y no poder. O sea, si yo podía llegar hasta un punto de abrir el ascensor, ahí me paralizaba y ese era mi miedo que digo, no voy a salir nunca más de acá dentro estoy, estoy presa en mi propio cuerpo."
"Estoy presa en mi propio cuerpo porque no puedo movilizarme. Así estoy, estoy presa dentro mío. Guau, teniendo todos los sentidos y te pudiendo hacer todo, no puedo hacer nada. Y ahí cuando empezaste a tomar medicaciones que que bueno, probabas y no, no te hacían, no te hacían efecto."
"O sea, la la gente pensaba que era una depresión. Todos. ¿Y no era eso, cuándo fue que pudiste localizar que? Tenías una fobia y que, o sea, que podías tratarla de cierta forma. ¿Cuándo te diste cuenta de eso?"
"¿Cuándo empezó el cambio en voz? Mirando televisión me puse domingo en el mirando en la televisión. Escucho al doctor Carrión y me estaba diciendo alguien por televisión lo que yo tenía."
"Así fue. Alguien por televisión me estaba diciendo lo que yo tenía exactamente, lo que yo tenía estaba diciendo y bueno. Así hacía una charla. Ahí salen muy rápido. La notó mi marido y bueno, pero alguien por televisión."
"Ahí descubrí lo que tenía. No sé, no sabía que era fobia hasta que no hice la consulta. Y bueno, ahí fui a la charla, fuimos, pues ahora no podía ir. Y bueno, y de ahí al doctor Bustamante y bueno, me reía porque no cuenta la le hablaba muy descontracturada, por supuesto, estaba lleno de gente y me reía y lloraba porque era lo que me estaba pasando, exactamente lo que me pasaba a mí."
"Y bueno, ahí saqué mi primera consulta y la orientación me la hizo él y yo se acuerda siempre, porque cuando entré le dije, Mira, doctor, si usted me tiene que cortar el dedo de una mano córtemelo, yo sin el dedo voy a vivir, pero así no."
"Así estoy sobreviviendo y yo creo que yo le estaba contando. Me da la sensación y él ya sabía lo que yo le iba diciendo. Y cuando salimos y quiero volver a ser la mujer de antes, le dije, yo no soy nada, ahora no sirvo para nada."
"Yo me sentía que no, no soy. O sea, no puedo hacer nada. ¿Y me dijo, vas a tener los 10 dedos y vas a ser una mejor mujer que antes? Mira, lo que se usa mucho en psicoterapia, por ejemplo, es la terapia cognitiva conductual, que de alguna manera lo que cambia es la cognición."
"Con respecto a esto de que el vómito me va a matar o el vómito es tremendo, no se trabaja mucho en eso, son pocas sesiones, no son terapias psicoanalíticas de años, pero son efectivas desde la psiquiatría. Uno a veces tiene que medicar, si eso va acompañado de una calidad de vida deteriorada."
"A ver, bueno, vas a vomitar todos los días. Pero el que tiene agorafobia, que no puede salir al exterior de su casa. Bueno, por ahí sí necesita una medicación porque esa persona no, no está escolarizada, no va a trabajar, sí afecta tu rutina, sí, hay gente que no sale de la casa directamente, no tiene hasta certificado de discapacidad, muchas veces por la agorafobia, no los espacios cerrados."
"Entonces, cuando tu calidad de vida está deteriorada, bueno, una medicación que puede ser un ansiolítico o los antidepresivos que actúan en la ansiedad bueno, mejora la calidad de vida. ¿Y hacer bueno todo un tratamiento psicológico para saber por qué esa persona desarrolló esa fobia y gus, cómo se cómo se tratan las fobias?"
"Temo, temo que la respuesta te aleje del tratamiento. Y bueno, es que es este, pues puede ser no aparte. Pensad que yo a ver, yo conozco, digo gente, quizás fóbica, no sé, por ejemplo, a volar a las aves, a las arañas."
"Y yo sé que hay distintos tipos de de de ejercicios o cosas que se pueden hacer, pero mi fobia. ¿Al vómito es como digo, Qué qué hacen? ¿Cómo me ayudan? O sea, no van a hacerme vomitar. Bueno, podría. ¿Ocurrir? ¿Claro, por qué no?"
"Pero digamos, seguramente voy a tomar tu caso como una generalidad, porque en realidad hay muchas personas que se van a identificar. Yo he tenido médicos que tenían este metrofobia tengo. Psicólogos, o sea. En realidad, muchísimas personas tienen un desarrollo con su fobia, conviven con su fobia gracias a el relieverán gracias a alguna evitar alimentos."
"Gracias AA no comer en determinados horarios a tenerte una lógica porque están muy atentos a las vísceras, a todo lo que pasa ahí adentro. Yo hablo con vos y tengo el liberan acá, sí. O sea, no, no salgo de mi casa."
"Sin el. Liberal no salgo Claro, o sea, no hay si yo llego a estar fuera de mi casa y me doy cuenta que no lo tengo. Volvés, no, no estoy muy lejos, me agarra una una ansiedad, una desesperación que tengo que ir a una farmacia y comprarme. Realidad, bueno, ese es el reaseguro y quizás tu re liberal no te quiero generar, incomoda, está vencido, pero vos lo tenés ahí en el bolsillo y te da seguridad."
"No lo mires. Hasta que no terminemos. Lo que después de acá lo voy a enviar, por supuesto, y también si yo voy a comprarme otra farmacia. Pero sí tiene que ver con eso, no con estrategias de afrontamiento, nosotros hacemos que el paciente se vaya acercando progresivamente."
"A la situación, al objeto o al animal temido, si nosotros pensamos racionalmente. Vomitar es lo más saludable, nos libera de intoxicaciones, nos alivia. Por lo general, la gente vomita y después está muy cómoda pasar esa incomodidad breve que no le desarrolla una enfermedad."
"¿No sabes todo lo que te ahorrarías la cantidad de virus bacterias que podrías eliminar? Lo sé, Gustavo, lo sé, lo sé. ¿Serías tan saludable? ¿Soy consciente, o sea, me encantaría, digo, saben las veces? Imagínate, yo no vomito desde los 12 años. ¿Bueno, pero te ves? Recuerdo y experiencia de vomitar."
"Yo tengo pacientes que nunca vomitaron en su fantasía, no por ahí. Bueno, y lo peor es que yo, La Última Vez que vomité a los 12 fue lo más placentero y libertador de mi vida. Yo estaba en mi casa con amigos jugando me había caído algo mal, me había comido un paquete de de toschicitos viste como de."
"Yo pienso que había en esa época muy 90 y Claro, o sea se ve que me había, me había caído muy mal en el momento, tuve que dejar de jugar cuando se tendría muy mal, me fui a mi cuarto a acostarme y en eso escuchaba risa y te estaban cagando de risa afuera estaban divirtiéndose, no me siento muy mal y entonces me voy a sentir muy raro, como una sensación que que Claro que no conocía mucho porque se ve que no vomitaba tanto y la llamo a mi vieja, le digo no más más me siento mal, no sé qué y viene mi mamá y yo una."
"Una cantidad de vómito aparte fue como Claro. Con ese vómito después pudiera jugar y me sentía espectacular y ya no me dolía nada. Y lo loco es que es el último recuerdo del de un vómito que yo yo tengo. O sea, no, es que si me decís, bueno, tuve una experiencia con un vómito que fue traumática."
"¿Que me ahogue que me? Claro, sí, pero después, año después, tendría unos 2324. Me había intoxicado. Yo estaba grabando una novela y me me vuelvo a mi casa de la grabación. Y como que tenía muchas ganas de vomitar, voy al baño y cuando quiero vomitar hago tanta fuerza que me trago el poco de vómito, que que vomité."
"Y ahí dije. Si yo me yo siempre tuve como miedo a asfixiarme siempre fobia al ahogarme fue siempre. De hecho, yo esto obviamente lo cuento siempre de de muy chico. Yo no, no podía comer comida sólida, todo el licuado era porque lo mío era siempre asfixiarme atragantarme entonces Claro, el vómito fue un día que se me destrabó la cabeza y dije, Ché, yo si si estoy reteniendo tanto para no vomitar, puede salirme un caudal enorme, vómito, hacer fuerza, querer tragarlo."
"Asfixiarme y Morirme, o sea que yo no sé si es hemetofobia o si es fobia asfixiarme como que. ¿Está más para ese lado, pero es un recorrido común el que vos decís, aparecen elementos en la primera infancia? Sí, yo necesitaba licuar la comida."
"¿Por qué? Porque una persona necesita comer diferente a otros, porque es más hipersensible, porque tiene una tendencia a contraer AA sentir este. Una sensación de ahogo, una molestia porque no puede dejar de pensar en eso."
"Son muchos elementos que hacen que está el terreno fértil para eso. Nuestro trabajo es de sensibilizarlo, trabajar mucho en la zona. Nosotros tenemos todo el nervio vago que colabora para esa atención. Aprender a Relajarlo bueno, vos SOS artista, la voz, la garganta, el canto, la respiración son muchos elementos."
"Pero hay un momento que nosotros tenemos que jugar Conesa facilidad de entrar y salir en la sensación sin que nos angustie. Cuando uno se acompaña de todas las sensaciones corporales que tenemos y las acepta."
"¿Se libera? Es como la sensación del mareo, que es muy frecuente en muchos pacientes. Que me voy a marear, que tengo miedo a marearme, que cuando nosotros logramos que el paciente se habitúe al mareo, provocándole mareos. En el consultorio, en la casa, en los fines de semana."
"Y que el paciente diga sí es que es fácil que es entrar en esto porque recuerdo siempre lo que nos decía un profesor Pai que loto. Él decía, nosotros cuando empezamos de chicos jugamos a marearnos. Y seguramente vos jugabas a mariarte hasta casi vomitar y no lo veías como una amenaza."
"Por qué cuando aparece la sensación de mareo hoy es un descontrol. Lo mejor que nos podría ocurrir es decir, si esto es pasajero se va a ir. Lo acompaño, no lo agravo. Y me aguanto. Pero el ansioso es intolerante, no tolera y esa intolerancia hace que tenga la urgencia."
"Me lo quiero sacar de encima, no voy a poder con esto y todo ese autodiálogo negativo que tiene bueno le produce la crisis. ¿Cuáles son los los síntomas más comunes de de de una fobia? Los síntomas más comunes de una fobia son síntomas de ansiedad."
"No lo primero aparece la taquicardia. ¿Por qué? Porque nosotros empezamos a sentir que somos un animal en riesgo, que tiene o que pelear o que tiene que huir. ¿Y en general huimos, no, aunque mucha gente hace cosas contrafóbicas, no como diciendo Bueno, no puedo, con esto cierro los ojos y me tiro, no como y entonces tenemos la taquicardia, para qué?"
"¿Para bombear la sangre, para que podamos, nuestros músculos puedan ser rápidos, eficientes, fuertes, se empieza, empezamos a sentirse queda bucal porque para qué queremos saliva? No tiene sentido, estamos en riesgo, nuestra sangre fluye, con lo cual podemos sentir incomodidad en el estómago porque bueno, desaparece de esa zona."
"Y se va a otras zonas. Podemos sentir sudor. ¿Por qué? Porque si estamos con una pelea bueno nos quieren agarrar. Podemos. Son tus reacciones muy, pero muy naturales y milenarias, diría yo. Ob."
"Que empezamos a hiperventilarnos porque sentimos que necesitamos mucha sangre y la sangre necesita el oxígeno y que vaya todo rápido. Lo que pasa que esto pasa muy cortito tiempo frente a un estímulo que no lo requiere. Y bueno, terminamos mal."
"Terminamos angustiados por nos sentimos el control, a veces descompensados hasta desmayados, porque es tal el shock adrenérgico que tenemos que bueno, se la pasa muy mal. Y después queda un resabio de eso. O sea que a la resaca después de eso, bueno, al otro día y un par de días."
"¿Y por qué? Porque nuestro sistema neuro vegetativo estuvo en contacto con circunstancias que eran tan amenazantes como si estuviésemos frente a un león. Sí, y me destrabaste un recuerdo mío, que yo no me acordaba que cuando yo era chico a mí nunca me podían hacer."
"¿Vieron el famoso isopado? ¿Bueno, el hisopado de pero por anginas viste? Claro, sí. Nunca han, nunca han podido y yo tengo el recuerdo de una vez estar en una. Sí, en una clínica y bueno, mi hermano, mi hermana, todo, o sea haciendo el hisopado y yo mi turno era, pero entre 3 y yo solt Nicky Jam, mi viejo mide 2 m, Eh, me soltaba de mi viejo, yo chiquito, así me escapé de esa clínica, me fui corriendo por la calle, me metí 1 hora en construcción pidiéndole ayuda a los obreros, una cosa, pero demente y Claro, yo dije, ahora estoy pensando, digo Claro, ya de de muy chico, o sea, tenía como porque obviamente lo el lo que me daba miedo del del hisopado era la."
"Arcada, la arcada, la arcada, el reflejo del arcada. Sí, sí, sí. ¿Y odontólogo y muchas cosas que van pasando en relación a eso, no? Sí, sí, sí. Nosotros tenemos mecanismos naturales. Por ejemplo, comer es automático. Nadie piensa en comer, excepto que seas un fóbico."
"El foico analiza, me está pasando, esto va a pasar, es grande, es chico raspa, ciento me quedó, se me quedó la pastilla. O sea, tomar medicamentos, una pastilla dice, no, esto no va a pasar."
"¿Uno me muestra, dice, pero mira, te comiste este? ¿No sé este chispa y ahora te vas a comer, no? Bueno, el pan. Es otra, casi no. Checa todas las que estás tirando. Evidentemente, pues iba mucho más cosas de las. Que yo pensaba en el. Bus no puedo tampoco igual que también."
"O sea, hay cosas que no entiendo de mí porque ponele hay pastillas que eso son. No tomo es depende de la consistencia. Si es una cápsula que que en mi cabeza dice esta resbala más, yo tomo una cápsula que es así, pero hay otra que es así, comprimido y no puedo, Claro. Yo digo, pues eso es estúpido."
"O sea, como que no tiene sentido, estás estás tragando una patilla mucho más grande que parece. Termotanque, o sea y pasa, pero las otras no, Claro, es como que digo. Sí, es que le atribuís decir, bueno, la forma. El contorno tiene un gel."
"Muchas fantasías de esas. Pero bueno, por eso digo, hay mucha cosa de irrealidad en la fobia. Hay que trabajar con principios realistas, pero hay que trabajar con conductas, con comportamientos. Por eso nosotros, todos los tratamientos en algún momento nos llevan a afrontar."
"Salimos a andar en auto con el paciente que no puede manejar. Salimos a la casa y con el paciente que no puede tomar un medio de transporte o no sale a caminar por la calle. ¿Trabajamos con animales, trabajamos con situaciones, muchas veces el paciente se acerca, se sienta a la consulta, me dice, mira, yo tengo fobia a los aviones, pero no me voy a subir a un avión, Eh?"
"Entonces yo digo, mira, o sea que la chica te devuelvan el dinero, porque no vamos a empezar un tratamiento, porque el objetivo nuestro es que vos puedas volar y eso lo vamos a garantizar si hacemos o un vuelo asistido o una exposición. Y bueno, la verdad que viniste para eso."
"El fóbico tiene manuales de excusas, no esto porque no porque aquello y siempre está escapando hasta que un día la vida lo pone frente a una situación que tiene que tomar la decisión, dice, bueno, hoy me tengo que tratar. ¿Pasan años, Eh?"
"Calculamos más de 10 años hasta que vienen con una fobia. Vale, sí, yo. ¿Cuál es el tiempo de recuperación? ¿Qué tanto cuesta recuperar si hay pacientes que te ha pasado, que no se han recuperado o que les ha costado más o que han abandonado?"
"Mira, hay como una estadística importante, los pacientes que tienen una fobia específica, es decir, miedo a esto, no al perro. Vamos a trabajar en 12 semanas, por lo general lo resuelven. No trabajamos en otra área. El paciente me puede decir, mira, me estoy divorciando en este momento."
"Bueno, pará, vamos a trabajar con este objetivo, después si querés vemos la parte del divorcio, pero vos en este momento me decís que no puedes salir, que te pusieron a trabajar en un campo. El campo está lleno de perros y vos tenés que trabajar y eso es para vos clave. En general, los tratamientos tienen un bienestar y mantienen su logro dependiendo de la fobia, pero pasados cuatro o 5 años siguen con el hemos chequeado, siguen con el nivel de."
"De recuperación. ¿Cuáles son como las fobias más extrañas que has visto en todos estos años que tenés de? Mira que. Casos que después se repitieron, pero al principio me llamaron la atención. Por ejemplo, fobia a los botones."
"No, y se crea su botón. Bueno, siempre el botón está asociado al atragantamiento. A algún familiar que le decía no cuidado con los botones, pero que los lleva a tener conductas totalmente irracionales, por ejemplo. Pacientes que me han dicho, yo iba a la casa de una chica que me pedía con la que él tenía una cita."
"Le pasaba a buscar si abría la puerta de la chica con una camisa con botones. ¿Yo le inventaba una excusa y me iba, no? Porque iba a estar comiendo, tomando el helado, mirando los botones, mirando los botones y bueno, hasta que en un momento le pude aclarar che, mira, si salimos, no te pongas botones."
"Ahora he tenido fobia a los colores color amarillo, por decir fobia a las verduras que. Siempre me acuerdo una chica que vino a vernos. Estoy harta de que me traten como anoréxica bulímica que yo estoy con los alimentos."
"Yo en realidad a mí me da asco, no puedo sentarme y ver una lechuga ahí. Cruzo la vereda de enfrente como paso por una verdulería. Fobia a nombres. Más ligado a lo obsesivo pero a determinados nombres, había uno que tenía particularmente una fobia a un nombre que lo asociaba a un hecho traumático, pero ese nombre lo escuchaba en el medio del supermercado cuando decía el altavoz, presentarse Luisa."
"A caja número uno, ella dejaba el carro, desaparecía. Fobia a texturas, por ejemplo, suéter de lana, pizarrón. ¿Tisa, Eh?"
"Bueno, ni hablar de partes de animales. Le tengo fuego a la pluma, a la garra, al pelo, a la cresta. He tenido pacientes y me decían, Me mudé a Belgrano feliz de la vida porque era superurbano y de repente pusieron los mercados chinos y venden las garras de de pollo."
"Me quiero morir, no, eso me genera mucha incomodidad. ¿Hay obsesiones más con el los números? 1317 algún número, pero a veces los lleva a comportamientos extremos."
"He tenido pacientes que le ponían una cinta al lugar donde sale la hora y la temperatura porque en algún momento iba a haber 113 ahí. Entonces ponían una cinta para tapar eso, tapaban. Tapaban, bueno, había montones de conductas que uno cuando ve dice, qué difícil."
"Qué duro para esta persona convivir con eso que tiene y después que el mundo no lo va a acompañar. Eso es lo que tiene que entender que el mundo le va a exigir. Le va a decir jugadores de fútbol cuando vienen a vernos dicen, venga, porque yo tengo fobia a volar en avión."
"Sí, pero viste los mundiales, no se hace todos en Argentina y la aspiración máxima de un jugador a veces es un mundial. Entonces bueno, vamos a trabajar esto. ¿O cantantes me ha pasado con cantantes que no podían cantar en público y el sueño de un cantante llenaron un estadio?"
"La verdad, hemos ayudado muchísimas personas. YYA veces. Uno piensa, qué doloroso, qué duro, cuánto perdieron. Por eso, cuanto antes se trate, la gente siempre es beneficioso. No, y está bueno, también te."
"Preguntaba también eso porque. Yo cuando cuando conté mi fobia había mucha gente que me decía, yo tengo la misma y pensé que no, que no había mucha gente que tenía esta fobia, entonces no puedo creer que tener la misma fobia que yo y está bueno, viste como la identificación también con otra persona cuando decís tipo Ah, bueno, es algo que puedo tratar, lo que no es tan anormal digo, hay, hay otras personas que están como con la misma fobia que yo, con el mismo problema que yo, por eso también está bueno esto viste de que que quería también saber cuáles eran, como las fobias OO más comunes o más extrañas mismo también porque digo, hay gente que que yo, una persona que tenga fobia a los botones de decir digo Che, verás."
"Otras personas como yo, que tenía miedo, así que también te preguntaba por eso, porque me parecía interesante que la gente escuche, digo también no, que que que nada a ver, que hay un abanico pero inmenso de fobias y que se pueden tratar y que. Nosotros hace 27 años, cuando empezamos el fobia club, una de las misiones fue hacer divulgación, que la gente se entere que la población."
"Pero armamos grupos y entrar a los grupos y que la persona se siente y dice, chinga a mí me pasa como a vos y el otro por ahí está más adelantado en el tratamiento. Yo ya lo estoy resolviendo. Ay que tengo esperanza. ¿Marisa, cuál fue el diagnóstico después de Hacerte los estudios que te habían pedido?"
"El diagnóstico después de los estudios me dieron. Ansiedad generalizada. Con agorafobia. Ahí me derivaron una, el mismo psiquiatra, Carrión me derivó una psicóloga y el Grupo un grupo."
"El Grupo de los sábados me dijo. Suelo irse todo en una semana a los 2 días fue a la psicóloga. Que yo otra vez lo mismo pensé, me va a tocar, no me hizo un dibujito como era la ansiedad que subía, que bajaba Claro."
"Claro, es, es otro tema, es cognitiva, corporamental. Yo me pensé que era lo mismo, me quedé admirada. Y después, el Grupo de los sábados en un bar, un grupo el sábado en un bar, sí."
"Y bueno, el Grupo el sábado en un bar es que los coordinadores, o sea, que son enfermos recuperados, que coordinan. No hay mejor que entienda otro enfermo que alguien que lo tuvo porque una mirada, un gesto. ¿O están viajando y lo miras y ya sabes que no puedo más entonces?"
"La forma de de empatizar. Notizar, yo siempre digo, cuando vienen hablan del mismo idioma. Y quiero que seas recién de lo crónico. Bueno, que es crónico, que esto tenemos que vivir con esto, pero es de buen pronóstico si a vivir, pero os vivir normalmente tu vida."
"Pero se puede que no te vuelva no quedarte, pasar la vida, no dejar. El tratamiento a mitad de camino, sino cuando te den el alta y ir reforzando. Pero no es que estoy curada. Pero es como si estuviera curada porque no tengo síntoma, pero es crónico."
"O sea que yo sé que tengo esta enfermedad y eso es lo que le digo a los esto es crónico. Acostúmbrense que van a vivir con esto, pero van a vivir normal ustedes vean a mí que yo hago mi vida totalmente normal. Porque vos hoy día coordinás grupos. ¿Coordina del 2009 que coordinó, así que mira cuánto hace?"
"No, no. Y qué locura. También digo que hayas pasado tantos años, más de 10 años. Si hoy en día estáis acompañando gente que se le pasa lo mismo que te pasó. A vos. Hermoso, para mí es una satisfacción, no hay mejor que cuando alguien le den el alta no hay plata que me pueda pagar, todo eso no existe, no hay mejor que que estén recuperados, que que le den y bueno, vuelvan AA volar, no que tengan sus alas propias, terminen sus estudios, siga hablando con pacientes que tuve, ahora se casaron, tienen hijos o hijas ya estas 2 mujeres ya tienen otra, tienen su vida hecha y siguen bien."
"Totalmente bien. ¿Y hay muchos jóvenes, no? Muchos jóvenes ahora son jóvenes, los más grandes que tenemos son de 36 años. Claro. Que también es por quedarse encerrado, por trabajar adentro, eso también."
"Siempre adentro, siempre adentro y no salen. ¿Cuáles son las fobias más comunes entre entre los más chicos? También es miedo a viajar. ¿Ir al subte, miedo a mucha gente a ir a un recital? No van mucha gente los shopping si hay mucha gente."
"Los se desestabiliza. La calle la agarro fobia también es como. Bastante común piso blanco y no pueden una escalera tampoco. Y bueno, pero de a poco van subiendo haciendo una parada de colectivo, no, no, 10 y yo voy corriendo a buscarlo a que bajen para que que cuando bajen de esas 2 cuadras o 3 porque no sabe cuántas al colectivo hace, esté presente yo y bueno, y de ahí."
"Bueno, se pudo, bueno, viste que podés, se puede, se puede y bueno, así van progresando, pero también es práctica en la semana, no solo el sábado. Y bueno, porque le digo yo así lo hice, se tiene que poner una meta, salir yo salir rápido porque la transpiré a la camiseta."
"Muchísimo, muchísimo. La verdad que yo al mes me tomé el colectivo sola después de 12 años al Messi y a los cuatro meses yo estaba así en mi vida normal. Después de tanto y los chicos que tengo van bien, la verdad que le ponen mucha fuerza, le ponen mucha voluntad."
"No, y es muy loco lo que decís porque. ¿Justamente bueno, viste? Yo hablo mucho también de esto en las redes sociales digo YY se nota lo que la gente necesita escuchar. ¿Viste a otras personas hablar de esto? Y me parece como. Me llama mucho la atención que vos con tu edad digo, la primera es que hayas escuchado fue en la televisión."
"Y la imagen tuya escribiendo el número de lo que habías visto y digo, y hoy en día hay tanto alcance, no digo en las redes y digo la verdad que escuchándote como que. Refuerzo el pensamiento que tengo de la importancia de hablar de esto, porque mucha gente puede estar como sintiendo lo mismo, pasando por lo mismo YY también no escuchándote."
"Uno dice que. Como que qué loco que hayas esperado 12 años no para para buscar una solución porque tampoco tenías. Como o un referente o alguien que os digas está atravesando lo mismo está, me está ofreciendo una solución, una persona que pasó por esto y hoy en día pude recuperarse y la verdad que es es muy lindo escucharte."
"Me emociona, por supuesto, no a tu edad, el hecho de que de que hayas podido, como encontrar un lugar, una solución, una lucha también, y digo y que hayas también. Terminado de de manera tal que que puedas hoy en día ayudar a personas que hayan que estén atravesando lo mismo que vos atravesaste."
"Digo la forma de de de cómo diste vuelta tu vida. En ese sentido, digo, me parece, me parece hermoso y. YY te lo agradezco, la verdad, porque digo yo también, para mí es muy importante el hecho de que otras personas puedan sentir que que pueden salir adelante."
"Dice que hay mucha gente que piensa que no digo que porque a mí me ha pasado como vos, yo de chico, sin tener información, sin escuchar a otras personas. Decir, bueno, toda mi vida será así y la verdad que es es muy frustrante y es muy es muy feo, es muy triste, así que hermoso, yo de verdad, o sea no, no, no sabía toda esta parte tuya de que te habías quedado ahí en el."
"En el Grupo en fobia club y que que hoy en día estás acompañando a gente, así que. Sí, lo lo acompaño y son mis chicos. Ellos me hacen carta, me me ponen. Gracias por enseñarme aparte, yo soy de bromar, casi me pongo como como a los chicos, los entiendo como que a veces soy su cómplice y te digo más."
"La mayoría se enteraron por redes sociales y por todo esto, no porque vieron a alguien o el médico le dijo, sino que se enteraron. Así por esto ellos se enteraron así por parte pública y no porque un médico le dijo porque van a la guardia y le le dicen otra cosa o lo internan por el corazón o le, pero la mayoría es que están."
"¿Se han enterado así? No, y lo lo importante también de de uno, saber y entender qué es lo que tiene, viste, porque sino es como que eso también me pasó de chico, que yo me han hecho 1000 millones de estudios y era bueno, no, esto no tiene, no tiene lo otro. Vamos a probar con esto, vamos a probar una medicación, vamos a cambiarle el antipresivo, cambiar una estabilizador de ánimo es como que decís."
"Esta es la solución entonces y cuando cuando escuchás, cuando entendés que bueno, OK, esto es lo que tengo, ya sabes que podés trabajar en eso y de una forma en la que si bueno tiene solución, o sea."
"Sin duda que la tiene, no, no duden, no hay que dudar de que esto se tiene y se sale. Pero ninguna, ninguna sombra, no tengan duda de que esto se sale. O sea, el modelo que ellos ven soy yo, soy una mujer, no soy una mujer maravilla ni soy, soy igual que ellos."
"Y sin embargo, salís. No, no, no, no hay otra cosa. O sea, el modelo es el coordinador se sale sin duda. Marisa, gracias por por estar. Acá gracias a ustedes. Un placer enorme."
"Bueno, gracias por acompañarnos en el segundo capítulo de este podcast y si querés enterarte de los próximos estrenos seguimos acá. Pone seguir arriba y como siempre quiero aclarar que cero miligramos no es una solución, sino que es un proyecto para informar, acompañar y saber que no estamos solos."
"También nos puede seguir en nuestro Instagram arroba cero miligramos y nos encontramos en el próximo capítulo para hablar de depresión."
