Original,gpt4
"Welcome back to another episode of Add To Cart, I'm auntie Kuku Vilaysack.","Bienvenidos de nuevo a otro episodio de Add To Cart, soy la tía Kuku Vilaysack."
And I'm Auntie Susu Park.,Y yo soy la tía Susu Park.
"Su, I'm so excited for our guests today. He's a friend of mine and the other half of XOXO Gossip Kings along with Mr. Sweet Treat Carl Tart. He is an actor, writer, comedian, and he's got a new music album to promote. He's been a writer on Grand Cru new growth Brooklyn 99 and Single Parents. His new album highly sensitive person is out now please add to cart, Lamar Woods.","Su, estoy muy emocionada por nuestros invitados de hoy. Es amigo mío y la otra mitad de XOXO Gossip Kings junto con el Sr. Sweet Treat Carl Tart. Es actor, escritor, comediante, y tiene un nuevo álbum de música para promocionar. Ha sido escritor en Grand Cru new growth Brooklyn 99 y Single Parents. Su nuevo álbum Highly Sensitive Person ya está disponible, por favor agrégalo al carrito, Lamar Woods."
"That was good, thank y'all for having me, man. I'm like so excited to be here. I've been waiting, they put this one early in the month. I was like, man, it's coming up soon. I know what's coming, as I was.","Eso estuvo bien, gracias a todos por tenerme, hombre. Estoy tan emocionado de estar aquí. He estado esperando, pusieron este al principio del mes. Estaba como, hombre, ya se acerca. Ya sé lo que viene, como que ya estaba."
"Already an anti fashion. When before we even started the recording. Ku, was already trying to fix the lighting in your room to light up your angel eyes, weren't you?","Ya era anti moda. Cuando antes de empezar la grabación. Ku, ya estaba tratando de arreglar la iluminación de tu habitación para iluminar tus ojos de ángel, ¿verdad?"
He has gorgeous eyes.,Él tiene unos ojos preciosos.
"I know that. She's like, I can't see your beautiful face. Also, why are you blurring your background. I can't see your beautiful one bedroom apartment. That barren apartment. Also, I didn't know Yakata Carl, sweet treat, too. That's crazy.","Lo sé. Ella es como, no puedo ver tu hermoso rostro. Además, ¿por qué estás desenfocando tu fondo? No puedo ver tu hermoso departamento de una habitación. Ese apartamento tan vacío. Además, no sabía que Yakata Carl, sweet treat, también. Eso es una locura."
"Well, because he told us about how he loves a sweet treat at night.","Bueno, porque él nos contó sobre cómo le encanta un dulce por la noche."
"That's true, yeah, he's a he has a sweet.","Eso es cierto, sí, él tiene tiene un gusto dulce."
I've never known anybody to eat more birthday cake slices. I still think about.,Nunca he conocido a nadie que coma más rebanadas de pastel de cumpleaños. Todavía lo pienso.
"Slices of cake, and he picks one up every week.","Rebanadas de pastel, y él recoge una cada semana."
"But I thank you for saying I have pretty eyes though, I appreciate that. That is my favorite attribute. I was with my therapist last week and I did this really cool thing where this cool thing. But like sometimes I just be making shit up, like this is what I would do if I was a therapist. I was like let's write down all the things that I get insecure about when when a girl rejects me. And I wonder like because I'm not insecure about them all the time, only when you get rejected they all come out right? So we just wrapped I just we just made it list and we're gonna go every week we're going to talk about each one and try to figure out how to like not like fall slave to those insecurities.","Pero te agradezco que digas que tengo ojos bonitos, lo aprecio. Ese es mi atributo favorito. Estuve con mi terapeuta la semana pasada e hice esta cosa realmente genial donde esta cosa genial. Pero como que a veces solo invento cosas, como esto es lo que haría si fuera terapeuta. Era como vamos a escribir todas las cosas sobre las que me siento inseguro cuando una chica me rechaza. Y me pregunto porque no estoy inseguro de ellas todo el tiempo, solo cuando te rechazan es cuando todas salen, ¿verdad? Así que acabamos de envolver Acabamos de hacer una lista y vamos a ir cada semana vamos a hablar de cada una y tratar de averiguar cómo como no caer esclavo de esas inseguridades."
"Wow, New York Times, best seller number one straight to the top, Self Help.","Guau, New York Times, número uno en la lista de más vendidos, directo a la cima, Autoayuda."
"Wait, you're right, Su.","Espera, tienes razón, Su."
"Straight to the top. Let me tell you how to be a therapist. We're just workshopping titles, we're just workshopping.","Directo a la cima. Déjame decirte cómo ser un terapeuta. Solo estamos desarrollando títulos, estamos en ese proceso."
"Yeah, what do you think?","Sí, ¿qué te parece?"
"It's good, it's good.","Está bien, está bien."
"Su, as absolutely right. I want you to be journaling about this, taking notes about this because this could be a book.","Su, tienes absolutamente razón. Quiero que hagas un diario sobre esto, tomando notas sobre esto porque esto podría ser un libro."
"Really, yeah.","De verdad, sí."
"Like I'm being serious, like, just do it for the sake of doing it. Yes, I'm getting serious.","Como que lo digo en serio, como, solo hazlo por el hecho de hacerlo. Sí, me estoy poniendo serio."
"Because when I told my therapist I was she was like, oh, that's a good idea.","Porque cuando le dije a mi terapeuta ella estaba como, oh, eso es una buena idea."
"And she's writing it, right now.","Y ella lo está escribiendo, ahora mismo."
"She did tell me just like I'm working, I'm trying to figure out I want to write a book but I don't want to write about yeah. Oh, no, right pretty eyes is obviously not on that list so being short was on that list. I never felt like a short guy. I don't seem short. Well, I guess I'm on that on a zooms, I don't know, anyway, it was was talking about shopping. So I told you, I'd talk to you today so I'm just gonna start blabbing around likes to start talking because I'm like, oh, this human beings but yeah, so we're gonna go through each one, that's a good idea. I'm not going to talk about it no more. That's my book. That's what I'm gonna do. Because they only you only feel, I mean, some of them you feel them a lot but like when you get rejected, they take over and become powerful. So we got to figure out how to how to like break them down each one and where they come from to like, okay, maybe height comes from playing sports in school, high school, and being the smallest kid on the team. And that's a source of insecurity for me, because I never was never successful in that, or something. Oh, yeah, I'm writing a book, right so let's go.","Ella me dijo que así como estoy trabajando, estoy tratando de descifrar que quiero escribir un libro pero no quiero escribir sobre eso sí. Oh, no, los ojos bonitos obviamente no están en esa lista así que ser bajito estaba en esa lista. Nunca me sentí como un tipo bajo. No parezco bajo. Bueno, supongo que sí en un zoom, no sé, de todos modos, estaba hablando sobre compras. Así que te dije, te hablaría hoy así que solo voy a empezar a divagar y empezar a hablar porque soy como, oh, estos seres humanos pero sí, así que vamos a pasar por cada uno, es una buena idea. No voy a hablar más de eso. Ese es mi libro. Eso es lo que voy a hacer. Porque solo sientes, quiero decir, algunos de ellos los sientes mucho pero como cuando te rechazan, se apoderan y se vuelven poderosos. Así que tenemos que descubrir cómo desglosar cada uno y de dónde vienen para como, está bien, tal vez la altura viene de jugar deportes en la escuela, la secundaria, y ser el niño más pequeño del equipo. Y esa es una fuente de inseguridad para mí, porque nunca tuve éxito en eso, o algo así. Oh, sí, estoy escribiendo un libro, así que vamos."
Look at this.,Mira esto.
"Okay, well, this feels like the perfect transition to talk about your album, Highly Sensitive Person. But wait, let's we should pause real quick, like why am I even talking right now? I mean, this is our first Add To Cart music cue interview. We're gonna listen to some of your songs. We're going to ask you questions. But again, why am I talking when we have a veteran MTV News person in our midst?","Ok, bueno, esto parece la transición perfecta para hablar de tu álbum, Highly Sensitive Person. Pero espera, deberíamos pausar rápido, como ¿por qué estoy hablando ahora mismo? Quiero decir, esta es nuestra primera entrevista musical de Add To Cart. Vamos a escuchar algunas de tus canciones. Vamos a hacerte preguntas. Pero de nuevo, ¿por qué estoy hablando cuando tenemos a una veterana de MTV News entre nosotros?"
You just shoved me under the bus anytime. She just a little tap in the back and I go falling in a puddle careening under a bus.,Tú me acabas de empujar bajo el autobús en cualquier momento. Ella solo da un pequeño golpecito en la espalda y yo caigo en un charco deslizándome bajo un autobús.
"Lamar she's interviewed, Usher in the studio.",Lamar ella ha entrevistado a Usher en el estudio.
I was so nervous to meet you today.,Estaba tan nervioso por conocerte hoy.
Britney Spears.,Britney Spears.
I'm a big fan. I'm a big fan.,Soy un gran fan. Soy un gran fan.
"Probably Three Doors Down, Lamar, and now Lamar Woods, and now Lamar woods.","Probablemente Three Doors Down, Lamar, y ahora Lamar Woods, y ahora Lamar Woods."
"Now I want to kind of give you a different song oh, I got some other songs. I didn't know you're gonna play it real time I got to talk about it.","Ahora quiero darte una canción diferente oh, tengo otras canciones. No sabía que ibas a reproducirla en tiempo real, tengo que hablar de eso."
"That's how interviews work. You're supposed to play a song, I bought my head okay. Like, I know, I have any rhythm. We're kind of quiet, we're vibing we're feeling it.","Así es como funcionan las entrevistas. Se supone que debes reproducir una canción, compré mi cabeza de acuerdo. Como, lo sé, no tengo ritmo. Estamos medio en silencio, estamos vibramos estamos sintiéndolo."
"The truck cuts. And then it goes to the first question. And my first question could be something, you know, just like an icebreaker. You know, right. I was thinking your album is titled Highly Sensitive Person, now, sometimes, a title says it all. So is it true? Are you an HSP? We sort of discussed this up at the top. So now I kind of have more of an answer before I met you but let's talk about that.","El camión se corta. Y luego va a la primera pregunta. Y mi primera pregunta podría ser algo, ya sabes, como un rompehielos. Ya sabes, correcto. Estaba pensando que tu álbum se titula Highly Sensitive Person, a veces, un título lo dice todo. ¿Es así? ¿Eres un HSP? Ya hablamos un poco de esto al principio. Así que ahora tengo más de una respuesta antes de conocerte pero hablemos de eso."
"I mean, you could probably tell immediately, but yeah, I at first, I really did just think it was a cool album title, because I liked I liked the word highly. And I like when people put highly in front of things, like highly favored or like, highly empowered. So I was like, oh, just gonna be dumb, highly sensitive, and I figured out what sensitive. But then I was like doing the album. And I was like, it'd be something I have to talk about on podcasts, like Add To Cart. And I was like, maybe I should actually take the test and see if this is a real thing for me. And this is this is last year, and I took the test and the test was like, if you answered more than 14 of these questions yes, then you're highly sensitive. And I answered 24 yes.","Quiero decir, podrías haberlo notado inmediatamente, pero sí, al principio, realmente solo pensé que era un título de álbum genial, porque me gustaba me gustaba la palabra highly. Y me gusta cuando la gente pone highly delante de las cosas, como highly favored o highly empowered. Así que estaba como, oh, solo va a ser tonto, highly sensitive, y descubrí lo que es sensitive. Pero luego estaba haciendo el álbum. Y estaba como, sería algo de lo que tengo que hablar en podcasts, como Add To Cart. Y estaba como, tal vez debería tomar la prueba y ver si esto es una cosa real para mí. Y esto es el año pasado, y tomé la prueba y la prueba era como, si respondías más de 14 de estas preguntas con un sí, entonces eres altamente sensible. Y yo respondí 24 sí."
24 to 24.,24 de 24.
"Yeah, I was like I like aced it. And then okay, I just real quick, I just said I know this song I want to replace one of the songs is we're talking about how.","Sí, fue como si lo hubiera clavado. Y luego bueno, solo rápido, solo dije sé que esta canción quiero reemplazar una de las canciones estamos hablando de cómo."
"No, you're not allowed. You're not allowed to what  you think about? Well, I don't know, you think you think about the that you're thinking? And we'll end the episode with that song.","No, no tienes permitido. No tienes permitido qué [â€¦] ¿qué piensas? Bueno, no sé, tú piensas piensas acerca de lo que estás pensando? Y terminaremos el episodio con esa canción."
"Okay, okay. I just gave you like, the songs I gave you were more like, what I would call the singles, you know, but I was like, if we're getting deep, I was like, oh, let's get into these album cuts, okay, anyway.","Ok, ok. Solo te di como, las canciones que te di fueron más como, lo que yo llamaría los sencillos, sabes, pero yo estaba como, si vamos a profundizar, estaba como, oh, vamos a meternos en esos cortes del álbum, ok, de todos modos."
"You let the aunties tell you what you should you're okay  With your pretty eyes, tell me where to let me tell you where to sit.","Dejas que las tías te digan lo que deberías está bien [â€¦] Con tus bonitos ojos, dime dónde déjame decirte dónde sentarte."
"But I took that test and I started crying because some of the questions were so specific, like, like stuff that I was never, you know, obviously, I always thought it was a sensitive person. But like, there's things that I'm like, oh, yeah, I don't like watching violence on movies and movies that I was like, yeah, I thought that was just me, but it's like a part of it, and I was like, crying because I was like, oh, this is me. And it made me it made me rethink everything. Like I had to read this. And then and then I really once I did that, I went back and did recorded another 10 songs. And just like, really, really explored the highly sensitive aspect in the album too. So except for the songs that you guys get.","Pero tomé esa prueba y comencé a llorar porque algunas de las preguntas eran tan específicas, como, cosas que nunca, ya sabes, obviamente, siempre pensé que era una persona sensible. Pero como, hay cosas que yo estaba como, oh, sí, no me gusta ver violencia en películas y películas en las que estaba como, sí, pensé que eso era solo yo, pero es como una parte de ello, y estaba llorando porque estaba como, oh, esto soy yo. Y eso me hizo replantearme todo. Como que tuve que leer esto. Y luego una vez que hice eso, volví y grabé otras 10 canciones. Y como que, realmente, realmente exploré el aspecto altamente sensible en el álbum también. Así que excepto por las canciones que ustedes consiguen."
"I love it, the title chose you. You know, it's like the sword. You know what I mean?","Me encanta, el título te eligió. Ya sabes, es como la espada. ¿Sabes a qué me refiero?"
"Yeah, it changed my life, yeah.","Sí, cambió mi vida, sí."
"You're known as a comedian. But this album, this isn't a comedic album. This is an earnest hip hop record.","Se te conoce como comediante. Pero este álbum, este no es un álbum cómico. Es un sincero disco de hip hop."
"Oh, yeah, this is this is real rap right here. This is hip hop for sure. Like I was a rapper for a long time in my 20s and then I just got into comedy and never got back to it and then we went on strike and I was like, I was like, I really want to have a rap album before I die you know just to exist you know? And so it's very sincere but there is some funny like elements to it is some skits on it and there's like, got like Mike Mitchell from the Doughboys is in one of his kids. So it's and Tony Baker a stand up comedian. So there's an element of my comedy world in the album which I don't want to hide from but it's that that was not fun, it's not like we're now yanking pitches.","Oh, sí, esto es rap de verdad aquí. Esto es hip hop seguro. Como que fui rapero durante mucho tiempo en mis 20 y luego simplemente me metí en la comedia y nunca volví a eso y luego fuimos a huelga y yo estaba como, estaba como, realmente quiero tener un álbum de rap antes de morir sabes solo para existir sabes? Y es muy sincero pero hay algunos elementos graciosos en él hay algunos skits y está como, got like Mike Mitchell de los Doughboys está en uno de sus hijos. Así que es y Tony Baker un comediante de stand up está ahí. Así que hay un elemento de mi mundo de la comedia en el álbum del que no quiero esconderme pero eso no fue divertido, no es como que ahora estamos tirando picheos."
"Well, let's listen to some songs. Are you both ready?","Bueno, vamos a escuchar algunas canciones. ¿Están ambos listos?"
"Alright, do it like MTV? Like like got it you do the MTV thing like they like hey, what's up and we we got this spring is spring break.","Vale, ¿hacerlo como MTV? Como que haces la cosa de MTV como que dicen hey, qué tal y tenemos esta primavera es primavera."
"New mix. I'm  leave the girl alone. Yeah, my  pistol in the drawers and the Buddha on the shelf. A little Prozac just for my mental health. Marty McFly Nagel back from the future, hands holding hands girl don't let me lose you. This is my life and I ain't looking back. Batty on the best, but yet as looking fat. I'm on my second wind yet is zero cooking crack. Music is my best friend, I make a lot of rap, let's go. Therapy, smoke  we went up Phil panic, and I gotta breathe. Trying to satisfy nigga needs. Yeah, gotta satisfy nigga needs.","Nueva mezcla. Estoy [â€¦] deja a la chica sola. Sí, mi [â€¦] pistola en los cajones y el Buddha en el estante. Un poco de Prozac solo para mi salud mental. Marty McFly Nagel de vuelta del futuro, manos sosteniendo manos chica no me dejes perder. Esta es mi vida y no miro hacia atrás. Batty en lo mejor, pero aún así parece gorda. Estoy en mi segundo viento y es cero cocinar crack. La música es mi mejor amiga, hago mucho rap, vamos. Terapia, humo [â€¦] subimos hasta Phil panic, y tengo que respirar. Tratando de satisfacer necesidades de negro. Sí, tengo que satisfacer necesidades de negro."
"Wan't sensitive. You talked about therapy, okay literally in.","No era sensible. Hablaste de terapia, literalmente en esto. Pero también hablé de robarle la chica a alguien."
"this, But I also talked about stealing someone's girl.",Pero también hablé de robarle la chica a alguien.
We contain multitude.,Contenemos multitudes.
"Sensitive people can do that, in fact I would argue that's a secret superpower.","La gente sensible puede hacer eso, de hecho, yo diría que es un superpoder secreto."
To a lot of sensitive guys.,Para muchos chicos sensibles.
"That's very true. That's all works. Okay yeah, I've done a front porch and those songs are great actually, it sounded really good in my headphones, so I'm glad that was one of the songs. I was like this should tell you.","Eso es muy cierto. Eso es lo que funciona. Vale, sí, he estado en el porche delantero y esas canciones son geniales, en realidad, sonaron realmente bien en mis audífonos, así que me alegro de que fuera una de las canciones. Pensé que esto debería decirte algo."
"Okay, let's listen next to one that got away.","Vale, escuchemos la siguiente sobre la que se escapó."
"If I was in Atlanta, I'll probably be married by now. If I was in Atlanta, then I'll probably be married by now. She the one that got away. I don't know what else to say, say, she the one that got away. I don't know what else to say mama saw them women on my shed baby fine baby fit and Yukon and you reg tight like Lilo and some Stitch. This house is big. I can fuck you in a  I'm from LA. but um, but that took the train to Georgia. I met this girl named.","Si estuviera en Atlanta, probablemente estaría casado ahora. Si estuviera en Atlanta, entonces probablemente estaría casado ahora. Ella es la que se escapó. No sé qué más decir, decir, ella es la que se escapó. No sé qué más decir mamá vio a esas mujeres en mi cobertizo bebé bien bebé en forma y Yukon y tú apretados como Lilo y Stitch. Esta casa es grande. Puedo follarte en un estoy de Los Ángeles. pero um, pero eso tomó el tren a Georgia. Conocí a esta chica llamada."
"Oh my god, if reading your auntie.","Oh Dios mío, si tu tía lee esto."
"I was like, I don't want to play this way, that's what I didn't want to play. Like, it's hot there's a family moment. And that's like literally the one song that's like that vulgar. Like, pretty much most of the songs are very sensitive. But hey, look, I'm from Atlanta, I had to do it, yeah. There's a running theme in the album about an inability to commit, you know, so I think even though that song is like, was kind of like, oh, I think this would be fun to have like an, like a club banger, or whatever. The song is kind of about me like being single for a very long time. And like, I'd really feel like I blame la for that, and I think I think if I'd never left LA, I think I'd be married and by now, literally, was Atlanta, I'll be married but if you know.","Yo estaba como, no quiero jugar de esta manera, eso es lo que no quería jugar. Como, hace calor, hay un momento familiar. Y esa es literalmente la única canción que es tan vulgar. Como, casi todas las canciones son muy sensibles. Pero hey, mira, soy de Atlanta, tenía que hacerlo, sí. Hay un tema recurrente en el álbum sobre la incapacidad de comprometerse, sabes, así que creo que aunque esa canción es como, era como, oh, creo que sería divertido tener como, una canción de club banger, o lo que sea. La canción es como sobre mí siendo soltero durante mucho tiempo. Y como, realmente siento que culpo a la por eso, y creo que si nunca hubiera dejado Los Ángeles, creo que estaría casado y ahora, literalmente, estaba Atlanta, estaría casado pero si sabes."
"If you never left Atlanta, you would be married by now.","Si nunca hubieras dejado Atlanta, estarías casado ahora."
"That's what I'd say yeah. I feel like I'm having a hard time dating in the city but I think Atlanta is like, not that there's something special about Atlanta. I think it's more than LA is hard to date here. So that's that so even in that song, there's still an element of like an emotional thing I'm struggling with.","Eso es lo que diría sí. Siento que tengo dificultades para tener citas en la ciudad pero creo que Atlanta es como, no es que haya algo especial en Atlanta. Creo que es más difícil tener citas aquí que en LA. Así que eso es lo que incluso en esa canción, todavía hay un elemento de como una cosa emocional con la que estoy luchando."
"I think LA is the hardest city in the world to date. I like can't think of another city that I've either been to or theoretically know about. That has the confluence of how sprawling it is to you know that we're all in our cars all the time to that it's a one in town. It's lonely, I mean, there's so many aspects to LA that I just don't understand how people date in LA.","Creo que LA es la ciudad más difícil del mundo para tener citas. No puedo pensar en otra ciudad en la que haya estado o teóricamente sepa. Que tiene la confluencia de lo expansiva que es para que sepas que todos estamos en nuestros coches todo el tiempo hasta que es una ciudad de uno. Es solitario, quiero decir, hay tantos aspectos en LA que simplemente no entiendo cómo la gente tiene citas en LA."
"Yeah, I really feel like the times when I had the most success in LA it was usually somebody who was from here who like grew up here. I think there's something about people being not having roots in a city where I'm like, oh, you were dating each other you have your family's not here, not here. My family's not here. I think it's hard to like build a relationship sometimes where you're like we are each other's only really foundation and it's sometimes it feels like it feels like people just kind of bail on it and also just too many people I think a lot of it is just like a numbers thing where like I think everyone knows that if they it doesn't work out there's there's enough people here today someone else and and then it ends up people end up like just moving on quicker. But so that's what that song is about. If I was in Atlanta be married by now.","Sí, realmente siento que las veces que tuve más éxito en LA fue generalmente con alguien que era de aquí que creció aquí. Creo que hay algo acerca de que la gente no tenga raíces en una ciudad donde yo estoy como, oh, estás saliendo el uno con el otro, tu familia no está aquí, no está aquí. Mi familia no está aquí. Creo que es difícil construir una relación a veces donde eres como nosotros somos la única fundación real el uno del otro y a veces se siente como se siente como la gente simplemente abandona y también hay demasiada gente creo que mucho de eso es solo como un tema de números donde creo que todos saben que si no funciona hay suficiente gente aquí hoy alguien más y luego la gente termina moviéndose más rápido. Pero eso es de lo que trata esa canción. Si estuviera en Atlanta estaría casado ahora."
"Lamar, let's transition into your cart. But first we want to know what type of shopper are you? What's your style?","Lamar, hagamos la transición a tu carrito. Pero primero queremos saber qué tipo de comprador eres. ¿Cuál es tu estilo?"
"I shop online a lot and I usually do the best sight ASOS and I'm like buying clothes on there but recently I was working on a pilot like as my luxury fashion I realized I didn't know what I was talking about. I had to get into it and I started going to the mall like old school like the Beverly Center. I want to go in those stores where it's like security like you have to like go wait in line and go in and I got addicted to it so that's like to your auntie so now I, that's how I shop now like only in luxury stuff.","Compro mucho en línea y generalmente hago la mejor vista ASOS y me gusta comprar ropa allí pero recientemente estaba trabajando en un piloto como mi moda de lujo me di cuenta de que no sabía de lo que estaba hablando. Tuve que meterme y empecé a ir al centro comercial como en los viejos tiempos como el Beverly Center. Quiero entrar en esas tiendas donde es como seguridad como que tienes que esperar en línea y entrar y me enganché así que eso es como para tu tía así que ahora, así es como compro ahora solo en cosas de lujo."
I did not that left turn. I'm sorry. You went from shopping online at ASOS to security guards?,No hice ese giro a la izquierda. Lo siento. ¿Pasaste de comprar en línea en ASOS a guardias de seguridad?
"Well because now I like it.  yeah, I when I shop now I don't go shopping a lot like and I I guess I'm really talking about clothing right now. But if we're talking about other stuff, if it's like outside of clothing, it's just usually like in my neighborhood like local shopping or whatever. But as far as like clothing, which is my favorite thing to shop for or I am like fully going back to like old school Rick and Morty like in the store trying shit on because I usually don't buy a lot of things at once I like like when I had I had a show last week. I bought the outfit like the day of and I went so I went to like I think it was Prada, when they're saying I'm over here flex shouldn't be flexing.","Bueno, porque ahora me gusta. sí, cuando compro ahora no voy de compras mucho y supongo que realmente estoy hablando de ropa ahora mismo. Pero si estamos hablando de otras cosas, si está fuera de la ropa, generalmente es como en mi vecindario como compras locales o lo que sea. Pero en cuanto a ropa, que es lo que más me gusta comprar o estoy volviendo completamente a lo viejo como Rick y Morty como en la tienda probando cosas porque generalmente no compro muchas cosas a la vez me gusta cuando tenía Tenía un espectáculo la semana pasada. Compré el atuendo el día de y fui así que fui a como creo que era Prada, cuando dicen que estoy aquí no debería estar presumiendo."
Shows about baby.,Espectáculos sobre bebés.
"You're not going to be single at the end of this episode, let me tell you.","No vas a estar soltero al final de este episodio, déjame decirte."
"I'm not gonna buy prada, like I can't do I so.","No voy a comprar Prada, como no puedo hacerlo."
"That's good that you say that, Su, it's good that he makes that disclaimer.","Es bueno que digas eso, Su, es bueno que él haga esa aclaración."
It's only for me.,Es solo para mí.
"No, there's a lot of wonderful ladies who who really appreciate a man who knows what's going on, know it's about qualities.","No, hay muchas mujeres maravillosas que realmente aprecian a un hombre que sabe lo que está pasando, saben que se trata de cualidades."
And appreciation for the finest thing.,Y la apreciación por lo más fino.
"Yeah, that can bleed into other areas of that relationship. All I'm saying.","Sí, eso puede sangrar en otras áreas de esa relación. Eso es todo lo que digo."
TThat's very true. What I like about it is like I'm just really big on cuz I used to be a manager at a wax museum isn't that related at all but customer service is like use to me. So I like to experience. Timeout.,"Es muy cierto. Lo que me gusta es que soy muy grande porque solía ser gerente de un museo de cera, no es que esté relacionado en absoluto, pero el servicio al cliente es como de uso para mí. Así que me gusta la experiencia. Tiempo fuera."
Wax museum or customer service? I'm curious because I'm sitting straight up for both.,¿Museo de cera o servicio al cliente? Tengo curiosidad porque estoy muy atento a ambos.
You mean Madame Tussauds Wax Museum?,¿Quieres decir el Museo de Cera Madame Tussauds?
"The one and only, to South Hollywood I was running that place I was the man out there you know saying they call me Mr. Wax. I used to walk in with a briefcase in his suit. It can be big wax out there. I was wax, I was wax tested. I was I was waxing on not all babies.","El único y solo, en South Hollywood estaba dirigiendo ese lugar, yo era el hombre allí, sabes diciendo que me llaman Sr. Cera. Solía caminar con un maletín en su traje. Puede haber mucha cera por allí. Estaba con cera, estaba probado con cera. Estaba encerando no solo a bebés."
That's right and you watch it on about customers service.,Eso es correcto y lo miras en cuanto al servicio al cliente.
The lines are going dead. We got to drop in the lines.,Las líneas se están muriendo. Tenemos que entrar en las líneas.
We're dropping the lines and we're trying to drop the panties alright let's move away from customers service.,"Estamos soltando las líneas y estamos tratando de soltar las bragas, está bien, alejémonos del servicio al cliente."
Let's move away from from Mr. Wax customer service.,Alejémonos del Sr. Cera y su servicio al cliente.
"Let's get away, let's get into your cart. I think this is going to bring us back because Lamar is adding to cart any kind of spa treatments.","Vamos a alejarnos, vamos a entrar en tu carrito. Creo que esto nos va a traer de vuelta porque Lamar está añadiendo al carrito todo tipo de tratamientos de spa."
"Yes, yeah.","Sí, sí."
Let's dive. What do you mean by that?,Vamos a sumergirnos. ¿A qué te refieres con eso?
"Yeah, I'm new to this so this so you guys can help me if you enter spas and stuff. So I got into this over the pandemic because I was like I just had a lot of background and so I was I went to the spa I went to get a massage and at Four Seasons in Beverly Hills it was just blew me away. I'll tell you that.","Sí, soy nuevo en esto, así que ustedes pueden ayudarme si entran en spas y esas cosas. Así que me metí en esto durante la pandemia porque era como que tenía mucho fondo y así fui al spa, fui a hacerme un masaje en Four Seasons en Beverly Hills, simplemente me impresionó. Te lo aseguro."
That lives are lighting up live callers are all gonna.,"Las líneas se están iluminando, los llamadores en vivo van a estar todos."
"Wax man is who I have though, you know saying if you if you can't if you can't love me as a wax on the first day.","El hombre de cera es quien tengo, ya sabes diciendo si no puedes si no puedes amarme como una cera en el primer día."
"That layer must be revealed to only the sacred ones. You know what I mean? Like we, that's worse people are going to love you for the wax man. But that's live here in a little bit of Prada and four seasons massages go on.","Esa capa debe ser revelada solo a los elegidos. ¿Sabes a qué me refiero? Como nosotros, es peor la gente te va a amar por el hombre de cera. Pero eso es en vivo aquí en un poco de Prada y cuatro temporadas de masajes continúan."
"So yeah, four seasons, I will go there in the afternoon, it was a beautiful thing so I'll go get the massage and I it was my first I mean my first time I just was blown away and the girl who did she's like she's the one who teaches everyone else I just got lucky that I got like the main person. And I was it was just like amazing. So then I go into the the sauna and steam room all that for me, you know, black dude from Atlanta like this just wasn't a thing I was exposed to so yeah, I feel it feels like obvious in some on some level but also it's like no, I just never done this before. So that was like you know 2020, and then now I'm like now I'm just I'm hitting up different spots I'm up at Raven spa, Raven spa got oh, they got you know they got you feel like you outside but you inside as well. And in terms of like products I haven't that's where I'm moved, that's why I was asking you on another podcast collab about face, like face moisturizer, skincare and stuff but I think anything in that world I'm fascinated by and I'm trying to get better at it, as I started doing. I want to start to get more into pedicures manicures anything like self care related. I'm into that stuff, yeah, that's why.","Así que sí, cuatro estaciones, iré allí por la tarde, fue algo hermoso así que iré a recibir el masaje y fue mi primera vez quiero decir mi primera vez simplemente me dejó asombrado y la chica que lo hizo es como ella es la que enseña a todos los demás solo tuve suerte de que me tocara la persona principal. Y fue simplemente increíble. Así que luego voy al sauna y a la sala de vapor, todo eso para mí, ya sabes, un tipo negro de Atlanta como que esto no era algo a lo que estaba expuesto así que sí, se siente obvio en algún nivel pero también es como no, nunca había hecho esto antes. Así que era como sabes 2020, y luego ahora estoy como ahora simplemente estoy visitando diferentes lugares estoy en Raven spa, Raven spa oh, ellos tienen ya sabes te hacen sentir como si estuvieras afuera pero estás adentro también. Y en términos de productos no he estado allí donde me he movido, por eso te preguntaba en otra colaboración de podcast sobre cara, como humectantes faciales, cuidado de la piel y cosas así pero creo que cualquier cosa en ese mundo me fascina y estoy tratando de mejorar en ello, como empecé a hacer. Quiero empezar a entrar más en pedicuras manicuras cualquier cosa relacionada con el autocuidado. Estoy en eso, sí, por eso."
"I ap[plaud you. I mean to kind of tag on that. You're also adding to cart quality tequila. With that, well tequila at the bar.","Te aplaudo. Quiero decir, para seguir en esa línea. También estás añadiendo al carrito tequila de calidad. Con eso, bueno, tequila en el bar."
"Yeah, take us on this journey. Where did you start and where are we today on this tequila?","Sí, llévanos en este viaje. ¿Dónde empezaste y dónde estamos hoy en este tequila?"
"Okay, it's all started, you know, it always starts with, they may be out some rappers shit in Atlanta's like patrolling or whatever, you don't know what the hell's going on. And then I'm like a kid then it was like, oh casamigos is the shit. Like Castlevania has like a tense so much additives to it and like sugar and stuff. And this was this this came about because I was like, I couldn't figure out a drink, like, maybe I should just not drink the older I get, you know, I'm in my late 30s now, and I was like, I'm just like, not recovering well, and I'm like, I'm like, what is my drink and be like, I just want what like, how about James Bond has his one drink martini or whatever. I just want like a drink that I get when I go out, that's not gonna fuck me up. And it ended up being tequila. So now but then I was like doing Casamigos and I was still feeling sick or not sick but just like hungover and I was like, oh, just sugar in there. So then now we're at the where I'm at now is Don Julio is pretty good, every bar kind of has that. Then we got Fortaleza, which is amazing. And this one called Ojo, Tequila Ojo, which is my favorite tequila of all time, I love that, I love that one it's so smooth and I just yeah, just drink either neat or with a big rock, if they have the big rock. Some places they'll be having a big rock, I like to big rock. I don't like a lot of little rock because.","Ok, todo empezó, sabes, siempre empieza con, puede que haya algo de mierda de raperos en Atlanta como patrullando o lo que sea, no sabes qué diablos está pasando. Y entonces soy como un niño entonces era como, oh casamigos es la mierda. Como Castlevania tiene como una tensión tan mucha aditivos y como azúcar y cosas así. Y esto vino a colación porque estaba como, no podía encontrar una bebida, como, tal vez solo debería dejar de beber cuanto más viejo me hago, ya sabes, ahora estoy en mis 30 y tantos, y estaba como, simplemente como, no me recupero bien, y estoy como, estoy como, qué es mi bebida y sería como, solo quiero lo que como, cómo James Bond tiene su bebida un martini o lo que sea. Solo quiero una bebida que consiga cuando salgo, que no me vaya a joder. Y terminó siendo tequila. Así que ahora pero entonces estaba haciendo Casamigos y todavía me sentía mal o no enfermo pero como con resaca y estaba como, oh, solo azúcar allí. Así que entonces ahora estamos en donde estoy ahora es Don Julio es bastante bueno, cada bar lo tiene más o menos. Luego conseguimos Fortaleza, que es increíble. Y este llamado Ojo, Tequila Ojo, que es mi tequila favorito de todos los tiempos, me encanta ese, amo ese es tan suave y simplemente sí, solo bebo ya sea puro o con una gran piedra, si tienen la gran piedra. Algunos lugares tendrán una gran piedra, me gusta la gran piedra. No me gusta mucho la piedrecita porque."
"Ice, without that craft ice, it's gonna dilute your  chill.","Hielo, sin ese hielo artesanal, va a diluir tu frescura."
It wet.,Se moja.
"Water down, you're not gonna get the properties of the Ojo.","Se diluye, no vas a obtener las propiedades del Ojo."
"It goes from Ojo to uno, a wave of like it's it's all stuff. I don't tell people I like because also not working right now. So I shouldn't be doing any of this. But going back to highly sensitive thing. I really just don't like ice and my drink like a little a lot of ice because it's my teeth, it makes my mouth sensitive. I don't like the way it feels like, like I have to drink with a straw. I think that's the HSP me, or do you feel that way to do like, drinking from cups with a bunch of?","Pasa de Ojo a uno, una ola de como es todo su asunto. No le digo a la gente que me gusta porque tampoco estoy trabajando ahora mismo. Así que no debería estar haciendo nada de esto. Pero volviendo a lo de ser muy sensible. Realmente simplemente no me gusta el hielo en mi bebida como mucho hielo porque es mis dientes, me hace la boca sensible. No me gusta la sensación que tiene, como que tengo que beber con una pajita. Creo que eso es el HSP en mí, o ¿sientes así también para beber, como beber de tazas con un montón de?"
"No, I'm not, it's clumsy.","No, no lo estoy, es incómodo."
You don't like it?,¿No te gusta?
Wow.,Guau.
Look.,Mira.
"Yeah, all the ice comes history of the gum, your gums and stuff. I don't like that unless it's a big rock.","Sí, toda la historia del hielo viene de tus encías y esas cosas. No me gusta eso a menos que sea una gran piedra."
"It's unpredictable. I'm there with you. I'd also teeth. Teeth are important as we get older, again, we're dropping the lines. Now I'm just cooling off all the live. As you get older, you got to protect your teeth. And so yeah, every dentist will tell you drink with a straw.","Es impredecible. Estoy contigo. Los dientes también son importantes a medida que envejecemos, de nuevo, estamos bajando las líneas. Ahora simplemente me estoy enfriando de todo lo en vivo. A medida que envejeces, tienes que proteger tus dientes. Y así que sí, cada dentista te dirá que bebas con una pajita."
"Oh, really? All right so now I don't feel as bad because I always I feel like they always look at me funny when I ask first because it seems like I mean, I get that not in the environment says but it just I think it's like a masculinity thing going on where they're like, I'm like gonna have a straw please, and they always look at me like, why?","Oh, ¿en serio? Bien ahora no me siento tan mal porque siempre siento que siempre me miran raro cuando pregunto primero porque parece que quiero decir, entiendo que no en el entorno dice pero solo creo que es como una cosa de masculinidad que está pasando donde ellos están como, quiero tener una pajita por favor, y siempre me miran como, ¿por qué?"
"Well, that, well, I think we need to I mean, I think we need to put this on the list for therapy. Let's put the straw let's put it on, and maybe it's later, maybe top of my list.","Bueno, eso, bueno, creo que necesitamos quiero decir, creo que necesitamos poner esto en la lista para terapia. Pongamos la pajita pongámosla, y tal vez es más tarde, tal vez en la parte superior de mi lista."
"Same for me. What's your drink of choice, Ku?","Lo mismo para mí. ¿Cuál es tu bebida de elección, Ku?"
"Because I'll be at a bar with the homies like, like Carl and all my homies and they all they all drink and they drink straight from the glass. And then I'm over here and like sipping on the straw. And I'm like, I'm just trying to protect my teeth right here. Okay, so there's one more tequila really just discovered that I'm liking now. Oh class, this class Class A class, but that that's one I love I dragged that on my album release party. I just drank that whole I drink that whole bottle which is crazy. And I felt nothing. I woke up great, which is not normal for me so I was like, it does seem like the higher quality tequila, the better for my body it is or whatever I'm responding to it better.","Porque estaré en un bar con los colegas como, como Carl y todos mis colegas y todos ellos beben y beben directamente del vaso. Y luego estoy aquí como sorbiendo en la pajita. Y estoy como, solo trato de proteger mis dientes aquí. Vale, así que hay un tequila más que realmente acabo de descubrir que me está gustando ahora. Oh clase, esta clase Clase A clase, pero esa es la que amo Arrastré eso en mi fiesta de lanzamiento del álbum. Simplemente bebí esa botella entera que es una locura. Y no sentí nada. Me desperté genial, lo cual no es normal para mí, así que era como, parece que cuanto mayor es la calidad del tequila, mejor para mi cuerpo o lo que sea a lo que estoy respondiendo mejor."
I do like the tequila and also to kilo plus a little bit of mushroom chocolate. And that'll take me in the perfect party mood. And I will not be hungover the next day.,Me gusta el tequila y también el tequila más un poco de chocolate de hongos. Y eso me llevará al estado de ánimo de fiesta perfecto. Y no tendré resaca al día siguiente.
That sounds really fun. A little mushroom and.,Eso suena muy divertido. Un poco de hongos y.
"It's a little bit a little mushroom instant tequila, little umami with my Agave.",Es un poco como una pequeña infusión de hongos instantáneos y un poco de umami con mi Agave.
What is that personality? I'm just curious that comes out. I love it. Love more I don't drink and so often which is a shame people don't drink around me. I prefer it when people are drunk around me. It's much more fun for me. But I don't get to see everybody's you know what I mean? Agave mushroom personalities as much so who what what's what's your personality?,¿Qué personalidad es esa? Tengo curiosidad por eso que sale. Me encanta. Amo más No bebo y así a menudo lo cual es una lástima la gente no bebe a mi alrededor. Lo prefiero cuando la gente está borracha a mi alrededor. Es mucho más divertido para mí. Pero no llego a ver a todos ustedes saben a qué me refiero? ¿Personalidad de Agave con hongos? Pero es mucho más divertido para mí pero no llego a ver a todos ¿qué personalidad es?
"Yeah, so this is going to fuel going to the club. That's me and that's what is being asked of me because I normally go to bed and try to be in bed by 11 but that's not what's gonna happen and Minami for Miami Beach pride. So when I'm being called to do for the people is to give life of the part, to give classy ratchet that deteriorates. Yes ratchet, and that slides down, but everybody knows it's gonna happen. And we're all like we're just waiting for the inevitable but we need to be at a high frequency to.","Sí, esto va a alimentar el ir al club. Eso soy yo y eso es lo que se me está pidiendo porque normalmente voy a la cama y trato de estar en la cama a las 11 pero eso no es lo que va a pasar y Minami para el orgullo de Miami Beach. Así que cuando me llaman a hacer por la gente es dar vida a la parte, dar vida al ratchet con clase que se deteriora. Sí, ratchet, y eso se desliza hacia abajo, pero todos saben que va a suceder. Y todos estamos como esperando lo inevitable pero necesitamos estar a una alta frecuencia."
"Stop man we're so similar, I that's exactly how I would I am yeah.","Parecemos tener mucho en común, eso es exactamente lo que yo haría, sí."
"Yeah, Lamar would what's your, what's your.","Sí, Lamar, ¿cuál es lo tuyo?"
"Exactly Kulap, like I go I start really like clap oh you said classy,","Exactamente, Kulap, como empiezo realmente con energía, tú dijiste con clase,"
"Classy ratchet, you know.","Con clase pero ratchet, ya sabes."
"Classy ratchet. I'm like, yo, let's get the Viet let's get the booth. Let's you know let's let's get settled down. Everyone makes sure they even a glass of wine to start maybe like a glass of champagne to start off, and then we hit the tequila. And then by the end of the night, I'm just like, I got my shirt off.","Con clase pero ratchet. Estoy como, vamos, consigamos el Viet, consigamos el reservado. Vamos a acomodarnos. Todos se aseguran de tener una copa de vino para empezar, tal vez una copa de champán para empezar, y luego vamos al tequila. Y al final de la noche, estoy como, me he quitado la camisa."
"Bottoms off, shirts off.","Abajo los pantalones, fuera las camisas."
"Yeah, we poppin bottles. I'm using I'm also the person who's buying ship for everyone like stranger like yo, yo, I want to drink I want to take a shot, I'm just like doing that, and then it's just like a completely different person. I wonder if our rachet is looking like, like my ratchet looks like, I'm trying to think of an Atlanta rapper. But yeah, like, like Jermaine Dupri or something. That's like, that's what I've been covering oh, I feel like.","Sí, estamos abriendo botellas. También soy la persona que compra bebidas para todos, como un desconocido, como, yo, yo, quiero beber, quiero tomar un trago, estoy haciendo eso, y entonces es como convertirse en una persona completamente diferente. Me pregunto si nuestro ratchet parece, como parece mi ratchet, estoy tratando de pensar en un rapero de Atlanta. Pero sí, como, como Jermaine Dupri o algo así. Eso es como lo que he estado cubriendo, siento."
"I think they would go well together. If not the same, I feel like they would run they would it would be like, yeah, there would be cousins, they would think it would be in the same VIP. We would be like, you know, it's not just about us. It's about everybody's experience. I believe that as well.","Creo que irían bien juntos. Si no son iguales, siento que correrían, sería como, sí, serían como primos, pensarían que estarían en el mismo VIP. Seríamos como, ya sabes, no es solo acerca de nosotros. Es sobre la experiencia de todos. También creo eso."
"Yeah, I bet, it's like we're it's like I'm not having a good time, unless everyone is having a good time. You know, it's like, it's kind of like my Luther King said, you know, we're not we can't survive, if it's just us. It has to be everybody. We have to have justice for everyone.","Sí, apuesto, es como si no me lo paso bien a menos que todos se lo estén pasando bien. Sabes, es como, es como dijo mi Luther King, sabes, no podemos sobrevivir, si es solo nosotros. Tiene que ser todos. Tenemos que tener justicia para todos."
And that is why we still honor the great king.,Y es por eso que todavía honramos al gran rey.
Yeah.,Sí.
You know.,Ya sabes.
"If I'm gonna turn up if I'm turning up with some shots, I want everyone at the bars right this shots. All right, I'm silly today sorry, yeah.","Si voy a salir de fiesta si voy a salir con unos tragos, quiero que todos en los bares tomen estos tragos. Vale, estoy tonto hoy, lo siento, sí."
"No, no apologies.","No, no hay disculpas."
I love being your crack human. Can I always be your first human of the day is amazing.,Me encanta ser tu persona de crack. ¿Puedo ser siempre tu primer humano del día? Es increíble.
"I just imagine that you have this cat. You have a cat spray, just like put it in the cart, like I that's how I imagine.","Solo imagino que tienes este gato. Tienes un spray para gatos, solo como ponerlo en el carrito, así es como lo imagino."
"Look, Tiffany, can we cut that as a clip from now on that we would Lamar's voice saying put it in the cart.","Mira, Tiffany, ¿podemos cortar eso como un clip de ahora en adelante para que podamos escuchar la voz de Lamar diciendo ""ponlo en el carrito""?"
"Here we gotta get it clean, are you ready?","Aquí tenemos que limpiarlo, ¿estás listo?"
"Okay, go.","Vale, vamos."
Put it in the cart.,Ponlo en el carrito.
Let's talk about things you're removing from carts.,Hablemos de las cosas que estás sacando de los carritos.
"Oh, yeah cool.","Oh, genial."
"And I want to know, why are you removing? We chopped specifically, overcomplicated?","Y quiero saber, ¿por qué estás quitando? Cortamos específicamente, ¿demasiado complicado?"
What is that?,¿Qué es eso?
"Oh, I don't like okay, there's two way shots by my house. The one I used to go is just like a kind of a hole in the wall like low key spot. You just go get the weed and get out of there. And like there's one by my house called the set, right? And it's like, it's like so over the top. Like, it's like it wants you to be like, like, you feel like you're in a movie set. And then like you go in and it's like and like, yeah.","Oh, no me gusta, está bien, hay dos tiendas cerca de mi casa. La que solía ir es como una especie de hoyo en la pared, un lugar discreto. Simplemente vas, consigues la marihuana y sales de allí. Y como hay uno cerca de mi casa llamado el set, ¿verdad? Y es como, es como tan exagerado. Es como si quisiera que te sintieras como, como si estuvieras en un set de película. Y luego entras y es como y como, sí."
"Wow, I didn't know that this exists the set, I now I get it.","Vaya, no sabía que esto existía el set, ahora lo entiendo."
"Yeah, it's becoming like, it's just not fun to buy weed this way, that's not really on game. Fully to like, like the like, at the end. When you go to the register it says you're all set. Like it shouldn't say like, that's a wrap.","Sí, se está volviendo como, simplemente no es divertido comprar marihuana de esta manera, eso no está realmente en juego. Completamente como, al final. Cuando vas a la caja dice que estás todo listo. Como no debería decir como, eso es todo."
"Yeah, one metaphor. You there metaphors and it's.","Sí, una metáfora. Estás allí con las metáforas y es."
"Yeah, cuz then what does anything mean, you know, exactly. Set match point.","Sí, porque entonces ¿qué significa algo, sabes, exactamente? Punto de partido."
"It doesn't make the shopping experience better, it just feels like almost like.","No mejora la experiencia de compra, se siente como casi como."
"It's confusing a little, and makes you scratch your head.",Es confuso un poco y te hace rascarte la cabeza.
"And then you don't know where anything is. And it's just big, I'd rather just go to one where it's like just helped me get the weed and and get out of there you know, I mean, like, I don't want to spend a lot of time here. It doesn't really the people who are creating it, smoke weed. Like, it feels like removed from the experience of smoking weed. It doesn't feel like they're like connecting to the soul of the weed head you know, so, but that's a very.","Y luego no sabes dónde está nada. Y es solo grande, preferiría ir a uno donde es como simplemente ayúdame a conseguir la marihuana y salir de allí sabes, quiero decir, como, no quiero pasar mucho tiempo aquí. Realmente no son las personas que la están creando, fumando marihuana. Como, se siente como si estuviera desconectado de la experiencia de fumar marihuana. No se siente como si realmente estuvieran conectando con el alma del fumador de marihuana, sabes, pero eso es muy."
That's an HS POV ,Eso es una perspectiva de alguien muy sensible.
I like that. That's an HSP POV.,Me gusta eso. Es una perspectiva de una persona altamente sensible (HSP).
"And there's always an HSP POV to everything in life, right?","Y siempre hay una perspectiva de HSP para todo en la vida, ¿verdad?"
My typical.,Mi típico.
"Wow, wait Lamarr is this you know, like social media bit and said like Bill Maher's new rules, you're like ","Wow, espera, Lamarr, esto es como saber de ti, como un poco de redes sociales y dijiste como las nuevas reglas de Bill Maher, eres como..."
"Yeah, that's an HSP POV no ice, no ice to drink. Straws only HSP POV I need that thick. I didn't, I didn't fit candles not the long candles HSP POV.","Sí, esa es una perspectiva de HSP, no hielo, no hielo para beber. Solo pajitas gruesas necesito eso. No encajaba, no las velas largas de HSP."
Taper freak me.,Me pone nervioso.
"I need clothing that I need any clothing that fits me HSP all right, but honestly, I joined Tik Tok a couple weeks ago, and I have no content so this might be perfect for that.","Necesito ropa que me quede bien todo HSP, pero honestamente, me uní a Tik Tok hace un par de semanas, y no tengo contenido, así que esto podría ser perfecto para eso."
Anything this appearance has been a real workout for us all.,Cualquier cosa en esta aparición ha sido un verdadero esfuerzo para todos nosotros.
"Yeah, I love that and that helped promote the album was great. Yesterday, my manager I think.","Sí, me encanta eso y eso ayudó a promocionar el álbum fue genial. Ayer, mi gerente, creo."
Oh Su.,Oh Su.
"I mean, I think all I have no idea why I only yes, exactly. I just want to be your your auntie and the first human, I have no interest in managing anything other than everything.","Quiero decir, creo que no tengo idea de por qué solo sí, exactamente. Solo quiero ser tu tía y el primer humano, no tengo interés en manejar nada más que todo."
"Yeah, we just want to give our opinions with this the sort of the freedom of not having really any continence.","Sí, solo queremos dar nuestras opiniones con la libertad de no tener realmente ninguna continencia."
Or factual evidence backing up.,O pruebas factuales que lo respalden.
"No, there's like, it's like, no follow up it is it's.","No, es como, no hay seguimiento es eso."
No zero.,"No, cero."
"After we hit me up is like you should take this vitamin, but then, you know, she'll never follow up to see if I actually.","Después de que me contactaran es como deberías tomar esta vitamina, pero luego, ya sabes, ella nunca hará seguimiento para ver si realmente."
"We have it's on the call only goes one way. You know, we have very specific specific communication devices goes out outgoing calls only.","Tenemos como que es solo llamadas de salida. Sabes, tenemos comunicación muy específica solo salidas."
"Before we let you leave, you are also removing from cart air, is it Airbnbs or Airbnbs? Or Airbnbs?","Antes de dejarte ir, también estás quitando del carrito el aire, ¿es Airbnbs o Airbnbs? ¿O Airbnbs?"
Airbnbs my favorite topic go.,Airbnbs mi tema favorito.
"I just don't like them anymore. They I feel like something happened. Whatever the whatever this sort of, like cache nature I had when we when they first started and was cool. That's just gone now, it's just like I'm in someone's house. It just feels weird, and then also, I feel like a lot of Airbnbs and maybe I'm a part of the problem here, because I'm just a people pleaser, and I always get five stars, but like, I feel like they get really aggressive after you stay there like please review like they're like, and like let's say it was fine, like it wasn't amazing, everything, it was just a fine thing. But then they're hitting me up like you got to review he got to review a key please, and then I just like end up giving him five stars, and I think everyone's doing that and now like the rating system is kind of not working as well because you're like, oh, I go to I cuz I always look at reviews before I go. And they're just never good, the never as good as as it's saying online, I think is in conjunction with me re falling in love with hotels again. And like cool like artsy hotels like the Ace Hotel in Palm Springs, that's my favorite. The lines getting back up and my hair and alive, the other girls call it. All right, I'll tell you if I was Atlanta, I'd be married by now. But y'all feel me on Airbnb thing, like I think.","Simplemente ya no me gustan más. Siento que algo pasó. Sea lo que sea esta especie de, como naturaleza caché que tenía cuando comenzaron y era genial. Eso simplemente se ha ido ahora, es como que estoy en la casa de alguien. Simplemente se siente extraño, y además, siento que muchos Airbnbs y tal vez soy parte del problema aquí, porque solo quiero complacer a la gente, y siempre obtengo cinco estrellas, pero como, siento que se vuelven muy agresivos después de que te quedas ahí como por favor deja una reseña como están como, y como digamos que estaba bien, como no fue increíble, todo, fue solo algo normal. Pero luego me están bombardeando como tienes que dejar una reseña tienes que reseñar una llave por favor, y luego termino dándoles cinco estrellas, y creo que todos están haciendo eso y ahora como que el sistema de calificación no está funcionando bien porque es como, oh, voy a porque siempre miro reseñas antes de ir. Y nunca son tan buenas como dicen en línea, creo que está en conjunto conmigo volviéndome a enamorar de los hoteles de nuevo. Y como geniales hoteles con onda como el Ace Hotel en Palm Springs, ese es mi favorito. Las líneas se vuelven a llenar y mi cabello y vida, las otras chicas lo llaman así. Vale, os diré si fuera Atlanta, estaría casado ahora. Pero todos sienten lo mismo sobre lo de Airbnb, creo."
"I feel more bad than the weed thing, yeah.","Me siento peor que lo de la marihuana, sí."
"I think to, it goes back to your thing about customer service. And and you get to a certain point in life where you're just priorities change you know, like, I think when you're younger and you're doing an Airbnb to save money, I get it. You know what I mean? Like, there's a lot of reasons that that works or you get to a certain point you have, maybe you have kids that you have to take care of all of these things, and suddenly, your priorities are different. You need customer service. I have had such horror stories with Airbnb, especially with kids, they have zero customer service. In the end, you really don't have that much recourse when you walk into a place and you're like, oh, no, this is this is a crime scene. I can't see here, and I've just got off a flight, it's 2am, where the hell am I supposed to go?","Creo que, vuelve a tu tema sobre el servicio al cliente. Y llegas a cierto punto en la vida donde tus prioridades cambian, sabes, como, creo que cuando eres joven y haces un Airbnb para ahorrar dinero, lo entiendo. ¿Sabes qué quiero decir? Como, hay muchas razones por las que eso funciona o llegas a un punto en el que tienes, tal vez tienes hijos que tienes que cuidar de todas estas cosas, y de repente, tus prioridades son diferentes. Necesitas servicio al cliente. He tenido historias de terror con Airbnb, especialmente con niños, no tienen servicio al cliente. Al final, realmente no tienes mucho recurso cuando entras en un lugar y piensas, oh, no, esto es una escena de crimen. No puedo ver aquí, y acabo de bajar de un vuelo, son las 2 am, ¿dónde demonios se supone que debo ir?"
"I'm not making this up, there was an entire family living under the house like, like, it was like I rent this Airbnb in Malibu. I walk I don't know, what was it, like, maybe it gave me chills like because I walked out. It was a very beautiful house because on the cliff in the hills and in Malibu, I walked down because I wanted to hike and go see the nature and stuff. And I look over and there's just a guy with his shirt off like eating soup on the porch. And I'm like, who the fuck is that? Like? So then I hit up the ladies, I'm like, who is that? And she's like, they take care of the grounds or whatever. And I'm like, no, this it was like a full last family. Like this was not they were not working, it was like it was like it was like a father a son, and then we can hear them arguing in the middle of the night, they were like fighting with each other. I mean, they didn't come into the house, but they definitely were like, like, you know, living like like habitat.","No me estoy inventando esto, había una familia entera viviendo debajo de la casa como, como, era como si alquilé este Airbnb en Malibú. Caminé no sé, qué era, tal vez me dio escalofríos porque caminé hacia afuera. Era una casa muy hermosa porque estaba en el acantilado en las colinas y en Malibú, bajé porque quería hacer senderismo y ver la naturaleza y esas cosas. Y miro y hay solo un tipo con su camisa quitada comiendo sopa en el porche. Y estoy como, ¿quién demonios es ese? ¿Como? Así que entonces le escribí a las señoras, estoy como, ¿quién es ese? Y ella está como, ellos cuidan el terreno o lo que sea. Y yo estoy como, no, esto era como una familia completa. Como que no estaban trabajando, era como si fuera como un padre un hijo, y luego podemos escucharlos discutiendo en medio de la noche, estaban como peleando entre ellos. Quiero decir, no entraron a la casa, pero definitivamente estaban como, como, sabes, viviendo como en un hábitat."
"No, and that's not what you want when you're on vacation.","No, y eso no es lo que quieres cuando estás de vacaciones."
You're working ,Estás trabajando
It was crazy.,Fue una locura.
"Lamar thank you so much for coming on the show. Highly Sensitive Person is available to stream now you can follow Lamar on Instagram at Prophmatic that's P R O P H M A T I C, well what song should we leave the people with?","Lamar, muchas gracias por venir al programa. Highly Sensitive Person está disponible para transmitir ahora puedes seguir a Lamar en Instagram en Prophmatic eso es P R O P H M A T I C, bueno ¿qué canción deberíamos dejar a la gente?"
"Okay, let's play a song called thinking about you so it's a little more sensitive.","Vale, pongamos una canción llamada pensando en ti, es un poco más sensible."
"Lines are lining up Lamar, lines are lining up.","Las líneas se están llenando Lamar, las líneas se están llenando."
"Yeah, let's go I ain't afraid of commitment I just don't like to set up. I'm an open book ask me anything but don't metal. My brains like wind chimes always talking never said oh yeah, I'll put you in that house at Gucci like you Jared Leto. Miss your style miss your humor Michelle Alex.","Sí, vamos no tengo miedo al compromiso simplemente no me gusta preparar. Soy un libro abierto pregúntame cualquier cosa pero no te metas. Mi cerebro como campanillas de viento siempre hablando nunca dicho oh sí, te pondré en esa casa en Gucci como tú Jared Leto. Extraño tu estilo extraño tu humor Michelle Alex."
