Text_Chunks,Translation_to_ENG
"Un hombre va a buscar al viejo amor de su vida hasta su casa, pero cuando llega descubre que está en la cama con otro sujeto, pero no está muy seguro si la chica es la mujer que ama u otra persona, por lo que intentará descubrir de qué se trata. Volvió por ella, ya que hace muchos años se prometieron algo. Él escribió su teléfono en un billete y lo perdió en la inmensa ciudad y ella escribió sus datos en un libro y lo dejó a la suerte.","A man goes to look for the old love of his life at his house, but when he arrives he discovers that she is in bed with another guy, but he is not very sure if the girl is the woman he loves or someone else, so he will try to find out. What is it about. He came back for her, since many years ago they promised each other something about her. He wrote her phone number on a bill and lost it in the immense city and she wrote her information in a book and left it to chance."
"Si vuelven Asus manos es porque el destino siempre los ha querido juntos. Ambos agarran el mismo par de guantes, pero yo era tan amablemente. Se lo sucede a la chica, sin embargo ella los rechaza pensando que hay otro para en la tienda, pero sus expresiones cambian cuando una empleada les informa que esos son los últimos en existencia.","If they return to their hands it is because destiny has always wanted them together. They both grab the same pair of gloves, but I was so kind. He passes it on to the girl, however she rejects them thinking that there is another one in the store, but her expressions change when an employee informs them that those are the last ones in existence."
"Jonathan le dice al señor que los guantes son un regalo para alguien especial y la mujer se une a la conversación fingiendo conocer a Jonathan para persuadir al comprador. Sin embargo, su tía se viene abajo cuando el señor pregunta para quién es el regalo, a lo que los 2 responden. Esta situación los divierte, así que continúan con su malísima actuación, que ya parece más un chiste, lo que los hace pasar un momento divertido.","Jonathan tells the man that the gloves are a gift for someone special and the woman joins the conversation, pretending to know Jonathan to persuade the buyer. However, her aunt breaks down when the man asks who the gift is for, to which the two respond. This situation amuses them, so they continue with their very bad performance, which now seems more like a joke, which makes them have a fun time."
"Al final el señor No les cree nada, pero aún así les deja los guantes. Jonathan le cede los guantes a la mujer y a cambio le pide que vayan por un café, a lo que la chica acepta encantada. La chica lo lleva a su cafetería favorita llamada Serendipia, que es también su palabra favorita, tanto por su sonoridad como por su significado, el cual es un accidente afortunado.","In the end Mr. No believes them at all, but he still leaves them the gloves. Jonathan gives the woman the gloves and in exchange asks her to go get a coffee, to which the girl happily accepts. The girl takes him to her favorite coffee shop called Serendipity, which is also her favorite word, both for its sound and its meaning, which is a lucky accident."
"Algo un poco irónico porque esta joven dice no creer en los accidentes, ya que piensa que todo lo que sucede en nuestras vidas pasa por una razón, ya que el destino está detrás de todo. Jonathan se sorprende por la creencia de su nueva amiga en un destino predeterminado y sin alternativas, por lo que le pregunta más, a mí me gusta pensar que eso a lo que la gente llama destino o universo es o son la serie de factores o sucesos aleatorios sobre los que no tienes control que te ponen en situaciones específicas.","Something a little ironic because this young woman says she does not believe in accidents, since she thinks that everything that happens in our lives happens for a reason, since destiny is behind everything. Jonathan is surprised by his new friend's belief in a predetermined destiny without alternatives, so he asks her more. I like to think that what people call destiny or universe is or are the series of factors or events random ones that you have no control over that put you in specific situations."
"A veces desembocan en situaciones muy generales como el clima pero otras en escenarios muy específicos como es el caso de estos 2 aquí en el destino acaba de juntar con qué intención bueno eso estamos por ver, la conversación se vuelve interesante y entretenida, despertando una intensa atracción entre ambos. Esta conexión me parece que va más allá de lo sensual, parece más algo romántico, es como si ambos anhelan congelar el tiempo para seguir explorando el universo del otro, pero ambos saben que los 2 tienen pareja, así que esto solo queda como una cena de amigos.","Sometimes they lead to very general situations such as the weather but other times to very specific scenarios as is the case of these 2 here in the destination just put together with what intention well that we are about to see, the conversation becomes interesting and entertaining, awakening an intense attraction between both. This connection seems to me to go beyond the sensual, it seems more romantic, it is as if they both long to freeze time to continue exploring each other's universe, but they both know that they both have a partner, so this only remains as a dinner of friends."
"O no la idea de no volver a ver esta chica, bruma, Jonathan, así que cuando salen del lugar intenta ser una jugada arriesgada. La acompaña hasta el taxi y le pide su número porque puede que en algún momento en la vida, pero la chica se detiene y le dice lo siguiente, si estamos destinados a encontrarnos, nos encontraremos.","Or not the idea of ​​never seeing this girl again, haze, Jonathan, so when they leave the place it tries to be a risky move. He walks her to the taxi and asks for her number because she may at some point in her life, but the girl stops and tells him the following, if we are destined to meet, we will meet."
"No le dice que no porque no le parezca atractivo, sino porque ambos tienen pareja y no le parece el momento adecuado. En eso ella se detiene, sonríe, se acerca a su rostro y simplemente le da un beso en la mejilla. Se marcha en el taxi dejando a nuestro buen Johnny desilusionado y algo molesto.","She doesn't say no because she doesn't find him attractive, but because they both have a partner and it doesn't seem like the right time. At that she stops, smiles, approaches her face and simply gives her a kiss on the cheek. She leaves in the taxi, leaving our good Johnny disappointed and somewhat upset."
"Recordemos que él no cree en el destino, ni en las señales, ni en que ya todo está escrito, por lo que las acciones de la mujer le parecen absurdas. De cuenta de que olvidó su bufanda, Jonathan vuelve a la cafetería y por una dulce coincidencia, esta mujer también había regresado por sus guantes olvidados. Al encontrarse de nuevo sus rostros se iluminan con sonrisas de alivio y alegría debido a que nunca quisieron irse.","Let us remember that he does not believe in destiny, nor in signs, nor that everything is already written, which is why the woman's actions seem absurd to him. Realizing that he forgot her scarf, Jonathan returns to the cafeteria and by a sweet coincidence, this woman had also returned for her forgotten gloves. When they meet again, their faces light up with smiles of relief and joy because they never wanted to leave."
"Ella toma este segundo encuentro como una señal, por lo que esa misma noche patinan en hielo y se abren más el uno con el otro película preferida, país de origen y hasta posición favorita en la cama. Pero a pesar de toda esta confianza que están creando, por alguna extraña razón la mujer no le ha revelado su nombre a Jonathan.","She takes this second meeting as a sign, so that same night they ice skate and open up more to each other's favorite movie, country of origin, and even favorite position in bed. But despite all this trust they are building, for some strange reason the woman has not revealed her name to Jonathan."
"A pesar de esto continúan teniendo una noche increíble y con momentos de tensión bastante intensos, aunque estos nunca concluían una noche tan buena que la chica decide escribirle su nombre y número de teléfono a Jonathan, pero cuando está por tomar la información, un camión le arranca la hoja de las manos y lo mezcla entre cientos de papeles más.","Despite this, they continue to have an incredible night and with quite intense moments of tension, although these never concluded such a good night that the girl decides to write her name and phone number to Jonathan, but when she is about to take the information, a truck stops her. He tears the sheet from her hands and mixes it among hundreds of other papers."
"Jonathan comenta que fue un accidente y le pide que lo vuelva a escribir, pero lo que yo ni ve como un simple accidente. La mujer lo toma como una señal del universo indicándoles que se aparte por lo que se niega a escribirlo de nuevo esta manera de ver las cosas hace que Jonathan esté a punto de lo que ser pero en eso a la joven se le aún más descabellada.","Jonathan comments that it was an accident and asks him to rewrite it, but I don't even see it as a simple accident. The woman takes it as a sign from the universe telling them to move away, so she refuses to write it down again. This way of seeing things makes Jonathan on the verge of what to be, but in that way the young woman finds it even more crazy."
"Le da un billete de 5 USD, una pluma y le pide a Johnny que escriba su nombre y número. Jonathan no se lo puede ni creer, pero aún así sigue la indicación haciendo que ese billete pase de ser uno igual que cientos de miles a uno único. Un puente hasta Jonathan con una sonrisa llena esperanza, ella toma el billete y lo usa para comprar algo en una tienda cercana.","He gives him a $5 bill, a pen, and asks Johnny to write his name and number. Jonathan can't even believe it, but he still follows the instructions, making that bill go from being one of hundreds of thousands to a unique one. A bridge to Jonathan with a hopeful smile, she takes the ticket and uses it to buy something at a nearby store."
Este billete termina en manos de un desconocido destinado a perderse en algún rincón de la inmensa ciudad. La chica le dice que si vuelve Asus manos lo llevará a Johnny. Esto le parece algo injusto así que para equilibrar la balanza su nueva amiga saca de su bolsa el libro Amor en tiempos de cólera.,"This ticket ends up in the hands of a stranger destined to get lost in some corner of the immense city. The girl tells him that if he returns to her hands she will take him to Johnny. This seems somewhat unfair to her, so to balance the scales, her new friend takes the book Love in Times of Anger out of her bag."
Esta es una copia igual que otras miles pero le promete que mañana le escribe Asus datos y lo venderá en una tienda de segunda mano creando así una dinámica similar a la del billete antes de que Jonathan se empiece a arrancar el cabello por la desesperación la mujer lo mete a un hotel en donde le indica que ambos entren a un elevado diferente y seleccionen un piso al azar si coinciden es porque están destinados a estar juntos yo ni piensa que está loca pero la chica le dice sólo tienes que tener fe en el destino Antes de que los elevadores se cierren.,"This is a copy like thousands of others but he promises that tomorrow Asus will write him data and will sell it in a second-hand store, thus creating a dynamic similar to that of the bill before Jonathan starts pulling out his hair in desperation. She puts him in a hotel where she tells him to both go to a different elevator and select a floor at random. If they match, it's because they are destined to be together. I don't even think she's crazy, but the girl tells him you just have to have faith in destiny. Before the elevators close."
"Ella arroja la Bolsa Roja en donde vienen los guantes y le revela que su nombre es Sara. No le da apellidos ni información adicional. Finalmente las puertas se cierran y aunque no sé si por coincidencia o destino, ambos seleccionan el piso 23. Mientras el ascensor sube. Johnny se da cuenta de que en la Bolsa sólo hay un guante, ya que la chica se quedó con el otro.","She throws the Red Bag the gloves come in and reveals that her name is Sara. She doesn't give him last names or additional information. Finally the doors close and although I don't know if by coincidence or destiny, they both select the 23rd floor. While the elevator goes up. Johnny realizes that there is only one glove in the Bag, since the girl kept the other one."
"En eso un padre con su hijo, quién simbólicamente está disfrazado de diablo, entran al ascensor. El Niño empieza a presionar todos los botones, lo que retrasa el ascensor de su destino y molesta mucho a John. Las puertas de Sara se abren primero y al ver que no hay nadie decide esperar con ilusión a que este misterioso hombre que acaba de mover su mundo aparezca, pero por mucho que espero Jonathan nunca llega.","At that, a father with his son, who is symbolically dressed as a devil, enter the elevator. The Kid starts pressing all the buttons, delaying the elevator from its destination and greatly annoying John. Sara's doors open first and seeing that there is no one there, she decides to wait with excitement for this mysterious man who has just moved her world to appear, but no matter how much she waits, Jonathan never arrives."
"Bueno, en realidad sí lo hace pero ante la desilusión Sara opta por tomar un ascensor para bajar al mismo tiempo que Jonathan sale al mismo piso solo que ninguno de los 2 se da cuenta del otro la chica sale del edificio y siguiendo una corazonada, Jonathan también va a la calle busca entre otras chicas con el cabello similar creyendo que podrá encontrarlas pero sus esfuerzos son en vano Jonathan REG su casa sin esta extraordinaria mujer, sin su nombre completo, sin su dirección y sin su número de teléfono.","Well, actually he does, but in the face of disappointment, Sara opts to take an elevator to go down at the same time that Jonathan goes out to the same floor, only that neither of them notices the other. The girl leaves the building and, following a hunch, Jonathan He also goes out on the street looking for other girls with similar hair, believing that he will be able to find them, but his efforts are in vain. Jonathan REG finds his house without this extraordinary woman, without her full name, without her address and without her telephone number."
"Este encuentro dejó en la mente de Jonathan una especie de obsesión, ya que a pesar de que ahora pasaron muchos años de ese encuentro de tener pareja y estar a tan solo 5 días de su boda, su esperanza se reaviva. Cada vez que ve la portada de ese libro lo abre y revisa entre sus páginas con esperanza de que el destino finalmente se alinee y lo guíe hacia ella.","This meeting left a kind of obsession in Jonathan's mind, since even though many years have passed since that meeting of having a partner and being only 5 days away from his wedding, his hope is rekindled. Every time he sees the cover of that book he opens it and looks through the pages of it in hopes that fate will finally align and guide him to it."
"Sara, por otro lado, sigue viviendo en San Francisco y es terapeuta, pero parece que su forma de pensar ha cambiado radicalmente, cosa que vemos en la respuesta que le da un paciente. Este le cuenta que dejó ir a su alma gemela porque no se atrevió a dar el siguiente paso a lo que Sara responde, quizás proyectándose que no le gusta el término alma gemela porque implica un elemento mágico sobre el que no se tiene control como el destino comenta que esas creencias nos impiden hacer el trabajo real así es parece que Sara ahora ha dejado de creer en el destino y ha construido una vida con una manera de pensar menos mágica que antes pero eso no es lo más importante lo interesante aquí es que Sara también está comprometida de hecho su pareja le acaba de pedir matrimonio y ella muy feliz aceptó.","Sara, on the other hand, still lives in San Francisco and is a therapist, but it seems that her way of thinking has changed radically, which we see in the response that a patient gives her. He tells her that he let his soulmate go because he did not dare to take the next step, to which Sara responds, perhaps projecting that she does not like the term soulmate because it implies a magical element over which one has no control, such as destiny. comments that these beliefs prevent us from doing real work, so it seems that Sara has now stopped believing in destiny and has built a life with a way of thinking that is less magical than before, but that is not the most important thing, the interesting thing here is that Sara She is also engaged, in fact her partner has just asked her to marry him and she very happily accepted."
"Sin embargo, cuando su prometido trata de colocarle el anillo, este no le entra y hasta la lástima situación que la Sara de antes hubiera interpretado como una señal, pero ahora ya no le da importancia. Jonathan Jonathan, por su parte, no solo busca sar en los libros, sino que también reacciona cada vez que hoy es su nombre, esperando ver si es ella.","However, when her fiancé tries to put the ring on her, it does not fit and even the unfortunate situation that Sara from before would have interpreted as a sign, but now she no longer gives it importance. Jonathan Jonathan, for her part, not only looks for sar in the books, but also reacts every time it is her name today, waiting to see if it is her."
"Después del trabajo se encuentra con una estilista llamada Sara y en un taxi escucha una canción que menciona el mismo nombre. Agobiado, agobiado por estas constantes coincidencias, visitas a su mejor amigo para desahogarse sobre cómo el universo no para de restregarle Asus Sara en la cara. Tan está pensando en ir a buscarla, pero su amigo le recuerda que su boda es en tan solo 3 días y que no tiene sentido arriesgar su relación por algo así.","After work he meets a stylist named Sara and in a taxi he listens to a song that mentions the same name. Overwhelmed, overwhelmed by these constant coincidences, you visit his best friend to vent about how the universe keeps rubbing Asus Sara in his face. He is thinking about going to look for her, but her friend reminds him that her wedding is in just 3 days and that there is no point in risking her relationship for something like that."
"Johnny está consciente de esto y sabe que realmente ama a su prometida, pero por todas las señales que el universo le está dando, siente que debe de buscar a Sara antes de casarse, por lo que le pide ayuda a su amigo para encontrar ese libro y a pesar de que sabe que es casi imposible, este acepta. Es así como Johnny depp se embarcan en una búsqueda exhaustiva por todas las librerías de Nueva York.","Johnny is aware of this and knows that he really loves his fiancée, but because of all the signs that the universe is giving him, he feels that he should look for Sara before getting married, so he asks his friend to help him find that book. and even though he knows it is almost impossible, he accepts. This is how Johnny Depp embarks on an exhaustive search through all the bookstores in New York."
"En este momento podemos observar que John pasó de ser alguien muy escéptico en los temas del destino a creer en él que hasta interpretar sus señales. Para mí esto puede ser una expresión de la necesidad de emocional y esperanza que John tiene. El encuentro de aquella noche lo dejó verdaderamente marcado y con ganas de estar con Sara, pero encontrarla buscándola a ella o al libro es una tarea prácticamente imposible, por lo que ante la imposibilidad de encontrarla por métodos tradicionales, a John solo le queda confiar en el destino.","At this moment we can see that John went from being someone very skeptical about destiny to believing in it and even interpreting its signs. To me this may be an expression of the emotional need and hope that John has. The meeting that night left him truly marked and wanting to be with Sara, but finding her by searching for her or the book is a practically impossible task, so given the impossibility of finding her by traditional methods, John can only trust in destiny."
"Esto le da consuelo a propósito y mantiene viva la esperanza de que si realmente están destinados a estar juntos no va a poder encontrar pero en lugar dar pasivamente decide tomar acción y empezar a actuar, como dice el dicho. Adiós rezando y con la pala dando. Yo no encuentro nada en la librería, así que regresa a su casa por la noche.","This purposely gives him comfort and keeps the hope alive that if they are truly meant to be together he won't be able to find it but instead of passively giving he decides to take action and start acting, as the saying goes. Goodbye praying and giving the shovel. I can't find anything in the bookstore, so he returns home at night."
"Su prometida le pide que le diga algo romántico, pero justo cuando está por hacerlo, la alarma de humo los interrumpe. Para algunos, una simple coincidencia, para John, una señal más cuando su esposa se va. Jonathan encuentra la bolsa de regalos Roja en la que Sara le dio el guante hace muchos años y se sorprende aún más cuando se da cuenta de que dentro del guante están nada más y nada menos que el ticket de compra con el que se hará compró los guantes, lo que al fin le da un hilo del cual tirar.","His fiancée asks him to say something romantic, but just as he's about to do so, the smoke alarm interrupts them. For some, a simple coincidence, for John, one more sign when his wife leaves. Jonathan finds the Red gift bag in which Sara gave him the glove many years ago and is even more surprised when he realizes that inside the glove are nothing more and nothing less than the purchase receipt with which he will buy the gloves. gloves, which finally gives him a thread to pull on."
"Por su parte, las cosas en la vida de Sara tampoco están tan bien como aparentan. No se lo dije, pero su prometido es flautista en una banda alternativa y está muy inmerso en su trabajo, ya que tiene giras y conciertos constantemente. Cuando el show termina, la hermana de Sara y su novio saludan a la chica. Quiero que recuerdes bien que estas 2 se parecen bastante porque más adelante será importante.","For her part, things in Sara's life are not as good as they seem. I didn't tell him, but her fiancé is a flutist in an alternative band and is very immersed in her work, since he constantly has tours and concerts. When the show ends, Sara's sister and her boyfriend greet the girl. I want you to remember well that these 2 are quite similar because it will be important later."
"En eso El Manager interrumpe para decirle a Lars las nuevas fechas para las giras. Sara interrumpe para recordarles que se cruzan con la Luna de miel y ella tiene pacientes que atender, por lo que no puede posponer nada. Sin embargo, Lars no le da mucha importancia y pone por encima el trabajo sobre las necesidades de su prometida.","At that The Manager interrupts to tell Lars the new dates for the tours. Sara interrupts to remind them that they are on their honeymoon and she has patients to attend to, so she can't postpone anything. However, Lars does not give it much importance and puts work above the needs of his fiancée."
"Esto la llena de frustración, así que sale a fumar un cigarrillo bajo la fría lluvia, en donde ve un poster de la película favorita de Jonathan, el hartazgo de su relación, seguido de casualmente ver el póster de la película favorita de su amor de una noche reactiva en ella, algo que había olvidado hace mucho. Sara interpreta esto como una señal del universo, una que le dice que tal vez debería de buscar a John.","This fills her with frustration, so she goes out to smoke a cigarette in the cold rain, where she sees a poster of Jonathan's favorite movie, tired of their relationship, followed by casually seeing the poster of her love's favorite movie. a night reactive in her, something she had long forgotten. Sara interprets this as a sign from the universe, one that tells her that maybe she should look for John."
"De hecho, hasta empieza a ver más a detalle en los billetes de 5 USD, a ver si de casualidad es el que tiene la información de Jonathan, pero trata de reprimir esos sentimientos. Empezar a creer esto de nuevo está por hacerlo cometer una locura que puede que ponga en riesgo su matrimonio. ¿Realmente es el universo mandando señales o cómo pueden explicarse coincidencias tan improbables?","In fact, he even begins to look more closely at the $5 bills, to see if by chance he is the one with Jonathan's information, but he tries to repress those feelings. Starting to believe this again is about to make him do something crazy that may put her marriage at risk. Is it really the universe sending signals or how can such improbable coincidences be explained?"
"Muchas personas relatan haber experimentado alguna vez este tipo de experiencias tan improbables y a la vez tan significativas que nos hacen pensar que no fueron mera casualidad. Y sobre estos sucesos, Carol Jung elaboró una teoría bastante polémica que llamó sincronicidad, en la que explica que de la misma forma en la que podemos conectar eventos por causa y efecto, también podemos hacerlo por.","Many people report having once experienced this type of experience, so improbable and at the same time so significant that they make us think that they were not mere chance. And about these events, Carol Jung developed a quite controversial theory that she called synchronicity, in which she explains that in the same way that we can connect events by cause and effect, we can also do so by."
"Significado para jungla, sincronicidad. La encontramos cuando un evento en el mundo coincide significativamente con un pensamiento o sentimiento. Cuando piensas o sientes algo, y casi de manera instantánea notas algo que está conectado con todo esto, como cuando Sara se peleó con su pareja y enseguida vio el póster de Jonathan.","Meaning for jungle, synchronicity. We find it when an event in the world significantly coincides with a thought or feeling. When you think or feel something, and almost instantly you notice something that is connected to all of this, like when Sara got into a fight with her partner and immediately saw Jonathan's poster."
"U otro ejemplo podría ser cuando sueñas con alguien que lleves mucho tiempo sin ver y de repente, al día siguiente te lo encuentras porque sucede esto. Según Young. Bueno, él creía que la vida no es una serie de eventos aleatorios, sino una expresión de una especie de conciencia cósmica a la que llamó unos Mundus, esto es, que todo el universo está íntimamente conectado.","Or another example could be when you dream about someone you haven't seen for a long time and suddenly, the next day you meet them because this happens. According to Young. Well, he believed that life is not a series of random events, but an expression of a kind of cosmic consciousness that he called a Mundus, that is, that the entire universe is intimately connected."
"Jung sugería que la Sincronicidad tenía un propósito particular que era cambiar nuestro pensamiento consciente, dándome mensajes, guía o reafirmación. Junck no niega que las simples coincidencias ocurran, pero al mismo tiempo insiste en admitir que hay algunas coincidencias que están conectadas en significado y que son imposibles de explicar y por esto sugiere prestarles cuidados atención.","Jung suggested that Synchronicity had a particular purpose which was to change our conscious thinking, giving us messages, guidance or reassurance. Junck does not deny that simple coincidences occur, but at the same time he insists on admitting that there are some coincidences that are connected in meaning and that are impossible to explain and for this reason he suggests paying careful attention to them."
"No obstante, pueden argumentarse un sinfín de cosas en contra de esta teoría. Cabe mencionar que esta no tuvo mucho éxito y que no cuenta con ninguna evidencia científica que el apoyo. Pero bueno, más adelante abordaré otras posibles explicaciones a estos fenómenos. ¿Tú qué piensas? ¿Crees que hay conciencias que no son casualidad y que guardan un significado profundo?","However, a host of things can be argued against this theory. It is worth mentioning that this was not very successful and that it does not have any scientific evidence to support it. But well, later I will address other possible explanations for these phenomena. What do you think? Do you think there are consciousnesses that are not coincidence and that have a deep meaning?"
"Jonathan basta la tienda que vendió los guantes a preguntar por el nombre asociado a la cuenta. El vendedor le indica que si quiere que lo ayude él debe de comprarle 700 USD en productos. Jonathan piensa que esto es más una extorsión que una ayuda, pero aún así termina aceptando. Sin embargo después de pagar el vendedor le revela que nunca hubo información en el sistema.","Jonathan asks the store that sold the gloves for the name associated with the account. The seller tells him that if he wants him to help him, he must buy 700 USD worth of products. Jonathan thinks this is more extortion than help, but he still ends up accepting. However, after paying, the seller reveals that there was never any information in the system."
"Esto hace enfurecer a Johnny quien casi golpea al vendedor, pero consigue que lo ayude a ir a los registros del banco a buscarlo. Al mismo tiempo y ya algo harta del ensimismamiento de su esposo, Sara le dice que saldrá unos días de San Francisco. ¿Para qué? Bueno para tomar un vuelo a Nueva York con su mejor amiga. Y sí lo hace justamente por la razón que estás pensando para ir a buscar a Jonathan.","This angers Johnny who almost hits the salesman, but gets him to help him go to the bank records to look for it. At the same time, and already somewhat fed up with her husband's self-absorption, Sara tells him that she will be leaving San Francisco for a few days. So that? Good for taking a flight to New York with her best friend. And she does, she does it for exactly the reason you're thinking about going to find Jonathan."
"Jonathan, su mejor amigo y el vendedor logran encontrar un registro con una antigua dirección asociada a esa tarjeta así que a la mañana siguiente van hasta la oficina de registro en donde logran logran sacar el nombre de otro hombre el chico les dice que tal vez sea su compañero de cuarto con el que vivía en ese entonces así que Jonathan y su mejor amigo van a buscar este sujeto no obstante deben de darse prisa porque quedan tan sólo 2 días para la boda a la vez que todo esto sucede las 2 amigas llegan hasta Nueva York para empezar su misión.","Jonathan, his best friend and the salesman manage to find a record with an old address associated with that card, so the next morning they go to the registry office where they manage to get the name of another man. The boy tells them that maybe it is his roommate with whom he lived at that time so Jonathan and his best friend go to look for this guy however they must hurry because there are only 2 days left until the wedding at the same time that all this is happening the 2 friends arrive New York to begin his mission."
"Ambas suben al taxi, eligen un destino prácticamente al azar, el hotel waldorf, mismo en el que se celebrará la boda de Jonathan. Parece ser que el destino los está juntando un poco más. Por mera intuición empiezan a buscar por la calle sin un rumbo ni plan. Más que encontrar a Jonathan. Sus decisiones están enteramente basadas en Corazonadas.","They both get into the taxi, choose a destination practically at random, the Waldorf Hotel, the same one where Jonathan's wedding will be held. It seems that fate is bringing them together a little more. By mere intuition they begin to search the street without a direction or plan. More than finding Jonathan. His decisions are entirely based on Hunches."
"La miga compra una cartera, se atraviesa un perro dálmata, chocan con una botarga y Zara encuentra publicidad de un campo de golf. Ella siente que es una señal, así que van a buscar ahí estas señales. Bastante acertada, ya que es un lugar que Jonathan frecuenta mucho y tan sólo un día antes él estuvo ahí. De hecho dejó la goma de mascar pegada en una banca, misma que Sara toca por accidente.","The baby buys a purse, a Dalmatian dog crosses paths, they collide with a bottarga and Zara finds an advertisement for a golf course. She feels that it is a sign, so they go to look for these signs there. Quite accurate, since it is a place that Jonathan frequents a lot and just a day before he was there. In fact, he left the gum stuck on a bench, which Sara touches by accident."
"Una coincidencia demasiado grande es como si el destino tratara de conectarlos por diferentes medios, ya que hace unas horas sucedió algo similar, los 2 pares de amigos acariciaron al mismo perro ahora bordemos otras posibles explicaciones para estas coincidencias tan específicas, recordemos que Sara, no se la está pasando muy bien con su prometido si lo quiere pero, él vive para su trabajo y le importa más eso que cualquier cosa relacionado con, ella y esa dinámica posiblemente ya lleva mucho tiempo agotando la relación La pelea de Sara con su prometido que vimos anteriormente seguía de ver el póster de la película favorita de Jonathan.","A coincidence that is too big is as if fate were trying to connect them through different means, since a few hours ago something similar happened, the 2 pairs of friends petted the same dog. Now let's explore other possible explanations for these very specific coincidences, let's remember that Sara, not She is having a great time with her fiancé if she wants him, but he lives for his job and cares more about that than anything related to her and that dynamic has possibly been exhausting the relationship for a long time. Sara's fight with her fiancé who We saw previously followed by seeing the poster for Jonathan's favorite movie."
"Pudiera ser que sus deseos inconscientes y reprimidos encuentren una manera de salir a la luz y dejando a un lado la idea de que si es el destino, el universo lo que se lo está poniendo así. Lo importante que vemos es que Sara lo está interpretando como una señal de que debe buscar a Jonathan y tomarse un tiempo de su esposo, porque posiblemente es lo que lleva queriendo hacer desde hace mucho tiempo y lo mismo seguramente está pasando con Jonathan, pero en un momento vamos con él, pero bueno, como la sincronicidad ya está explicada y básicamente le da toda explicación al universo, eso me deja sin nada más que analizar, por lo que de ahora en adelante interpretaré la historia desde el ente que las acabo de explicar pero por más que busca y ve a hombres por la espalda no encuentra al que vio esa noche mágica, esta situación es que han estado pasando son un ejemplo de lo que te comenté anteriormente nosotros los espectadores de esta historia interpretamos estas coincidencias como señales del destino tratando de unir a estas almas porque nosotros también queremos que se encuentren parecen ser nuestros deseos los que están modificando la manera en interpretamos estas mismas cosas e ignoramos todas aquellas cosas que no van con esa narrativa.","It could be that your unconscious and repressed desires find a way to come to light and leave aside the idea that it is fate, the universe that is making you this way. The important thing we see is that Sara is interpreting it as a sign that she should look for Jonathan and take some time from her husband, because possibly it is what she has been wanting to do for a long time and the same thing is surely happening with Jonathan, but in Let's go with it for a moment, but well, since synchronicity is already explained and basically gives every explanation to the universe, that leaves me with nothing more to analyze, so from now on I will interpret the story from the entity that I just told them about. explain, but no matter how much she searches and sees men from behind, she does not find the one she saw that magical night. This situation is what has been happening. They are an example of what I told you before. We, the viewers of this story, interpret these coincidences as signs of the destiny trying to unite these souls because we also want them to meet, it seems to be our desires that are modifying the way we interpret these same things and ignore all those things that do not go with that narrative."
"Mientras las chicas hacen su búsqueda guiadas por el destino, los chicos de cabeza un poco más calculadora siguen las pistas minuciosamente, mismas que los llevan con el exurumi de Sara, un pintor francés. Este dice que fue hace mucho tiempo y no recuerdan bien su apellido, pero les dice que arriba de la cafetería ser indipia había una agencia de compañeros de cuarto, por lo que nuestros hombres van para allá.","While the girls do their search guided by destiny, the boys with a slightly more calculating head carefully follow the clues, which lead them to Sara's exurumi, a French painter. He says that he went a long time ago and they don't remember his last name, but he tells them that there was a roommate agency above the Ser Indipia cafeteria, so our men are going there."
"Las mujeres tienen algunos accidentes en el campo de golf, así que mejor se toman un descanso en la cafetería ser indipia o sea justo a donde se dirigen Jonathan y Dean. Parece que todas las piezas están acomodando para que estos 2 se encuentren. Sin embargo, justo antes de que el destino los una, Sara le confiesa a su mejor amiga que está cansada y ambas llegan a la conclusión de que creer en el destino fue una tontería, así que abortan la misión antes de irse.","The women have some accidents on the golf course, so they better take a break at the Ser Indipia cafeteria, which is right where Jonathan and Dean are heading. It seems like all the pieces are falling into place for these 2 to meet. However, just before fate brings them together, Sara confesses to her best friend that she is tired and they both come to the conclusion that believing in fate was foolish, so they abort the mission before leaving."
"La amiga de Sara guarda el cambio en su cartera pero al tomar el billete nos damos cuenta de que es el que tiene el número de John y no se da cuenta de esto pero parece que el universo les está dando una última oportunidad para que al fin se encuentre salen toman un taxi y cuando suben aparecen Jonathan y su amigo, pero no se percatan de nada.","Sara's friend keeps the change in her wallet but when she takes the bill we realize that it is the one with John's number and she does not realize this but it seems that the universe is giving them one last chance to finally When they find themselves, they leave, take a taxi and when they get in, Jonathan and his friend appear, but they don't notice anything."
"La Agencia que buscaban ahora es una tienda de vestidos de novia, la señal definitiva del universo que le indica a Jonathan que debería de estar camino a su boda con su prometida en lugar de estar siguiendo pistas. Es así como faltando un día para la boda, Jonathan asista los ensayos con su futuro esposa.","The Agency they were looking for now is a wedding dress store, the definitive sign from the universe that tells Jonathan that he should be on his way to his wedding with his fiancée instead of following leads. This is how, with one day left before the wedding, Jonathan attends the rehearsals with his future wife."
"El problema es que el hombre ya no puede dejar de pensar en Sara, lo que hace que se vea angustiado y esté constante distraído, cosa que su mujer nota, así que habla con él, se sienta y al borde de las lágrimas le dice, cualquier que sea el peso que te tiene preocupado. Suéltalo ya Jonathan la braza y responde, creo que el peso ya me soltó, a mí se apartan y Sara saca el regalo tradicional del novio John lo abre y resulta que es un libro de amor en tiempos de cólera.","The problem is that the man can no longer stop thinking about Sara, which makes him look distressed and constantly distracted, which his wife notices, so she talks to him, sits down and on the verge of tears tells him, whatever weight has you worried. Let go of Jonathan's breaststroke and he responds, I think the weight has already let go of me, they move away from me and Sara takes out the traditional gift from the groom. John opens it and it turns out that it is a book of love in times of anger."
En ese momento Jonathan empieza a temblar ante la posibilidad de encontrar lo que ha buscado por años va a la primera página y lo ha encontrado sin revelarle nada a su esposa le agradece por el regalo y sube un taxi con su mejor amigo a quien le cuenta todo din queda perplejo por esta coincidencia y enseguida se pone a buscar la dirección Paralelo a esto Sara descubre que su prometido vino a visitarla y salen a tomar un paseo.,"At that moment Jonathan begins to tremble at the possibility of finding what he has been looking for for years. He goes to the first page and has found it without revealing anything to his wife. He thanks her for the gift and gets into a taxi with his best friend, whom he tells. Everyone is perplexed by this coincidence and immediately starts looking for the address. Parallel to this, Sara discovers that her fiance came to visit her and they go out for a walk."
"Caminata que termina en el parque donde patinó con Jonathan. Ambos se sientan en una banca contemplar de regreso con los amigos, estos se encuentra en la Casa de Sara, ya que en lugar de llamarle quieren darle la sorpresa. Dim va a revisar pero su rostro cambia al ver que Sara está en la cama con otro hombre, pero a ver en realidad ella no es Sara, sólo es la hermana de SAR, pero Dean no conocía a ninguna de las","Walk that ends in the park where he skated with Jonathan. They both sit on a bench looking back at her friends, who are at Sara's House, since instead of calling her they want to surprise her. Dim goes to check but her face changes when she sees that Sara is in bed with another man, but let's see she's not really Sara, she's just HRH's sister, but Dean didn't know any of the girls."
", así que creyendo que el corazón de su amigo se romperá en pedazos, le dice que mejor la llame por teléfono antes de timbrar a la casa.",", so believing that her friend's heart will break into pieces, she tells him that he better call her on the phone before ringing the house."
"Para Jonathan esta ya es la recta final así que no piensa rendirse por lo que lucha contra su amigo para poder ver lo que es el esconde, pero cuando cae el suelo y se da cuenta de lo que cree que es Sara en brazos de otro hombre Jonathan se rompe los amigos se recuestan en el pasto posteriormente de índice, ella dijo que todo sucede por algo cierto bueno tal vez estás acostado aquí porque no quieres estar parado en otra parte así es con esto se refiere al altar cosa que le hace mucho sentido a Jonathan cada acción que Jonathan ha decidido tomar lo ha llevado esta esta situación.","For Jonathan this is already the final stretch so he does not plan to give up so he fights against his friend to see what he is hiding, but when the ground falls and he realizes what he believes is Sara in the arms of another man Jonathan breaks down, the friends lie down on the grass after dinner, she said that everything happens for a certain reason, well maybe you're lying here because you don't want to be standing anywhere else, so by this she means the altar, which makes a lot of sense to her. For Jonathan, every action that Jonathan has decided to take has led to this situation."
"Llámale suerte o destino. Puede que a Jonathan le haga sentido la frase de su amigo porque en el fondo sus deseos reprimidos están encontrando una confirmación de lo que siempre ha creído que quizás no está totalmente seguro de querer casarse con su prometida. La suerte, el destino, el universo. Los coincidencias le han dado esta señal, pero es decisión de Jonathan si le hace caso a esta ono, cosa que estamos por ver en paralelo, por un error o tal vez no.","Call it luck or destiny. Jonathan's friend's phrase may make sense to Jonathan because deep down his repressed desires are finding confirmation of what he has always believed: perhaps he is not totally sure he wants to marry his fiancée. . Luck, destiny, the universe. The coincidences have given him this signal, but it is Jonathan's decision whether he pays attention to this ono, which we are about to see in parallel, due to an error or perhaps not."
"El destino pone la cartera de If en manos de Sara. Antes de que despegue el avión, la chica descubre que al fin el billete con la dirección de Jonathan ha regresado Asus manos ese billete único entre cientos de miles de miles, pero preciado para Sara ha vuelto baja del avión y ya sabiendo su nombre busca la dirección del chico rezando le al mundo para que no sea demasiado tarde.","Fate puts the Ifa portfolio in Sara's hands. Before the plane takes off, the girl discovers that the ticket with Jonathan's address has finally returned to her hands. direction of the boy praying to the world that it is not too late."
"No obstante, al llegar unos vecinos le informan que el hombre está a punto de casarse decidida Sara, basta el hotel en donde se celebrará la boda busca el salón y cuando entra para detenerla se da cuenta de que ha llegado tarde la ceremonia ha terminado la chica piensa que toda esta búsqueda e ilusión han terminado no obstante el intendente le dice de hecho la boda nunca comenzó.","However, when some neighbors arrive, they inform her that the man is about to get married. Sara, determined to go to the hotel where the wedding will be held, looks for the hall and when he enters to stop her, he realizes that she has arrived late, the ceremony has ended. The girl thinks that all this search and excitement are over, however the mayor tells her that in fact the wedding never started."
"Sara no lo entiendo, así que el trabajador le explica que la boda fue cancelada, por lo que nunca se llevó a cabo. Sara mira el guante y, abrumada por un sinfín de emociones encontradas, rompe en llanto. Así es. Jonathan sí decidió hacerle caso a las señales que el mundo le estaba dando o desde otro punto de vista a las interpretaciones que él le dio a esta señal.","Sara doesn't understand it, so the worker explains that the wedding was canceled, so it never took place. Sara looks at the glove and, overwhelmed by a host of mixed emotions, she bursts into tears. That's how it is. Jonathan did decide to pay attention to the signs that the world was giving him or, from another point of view, to the interpretations that he gave to this sign."
"Asus deseos se enfrentó a la realidad de su sentir y eligió de tener todo antes de que fuera demasiado tarde. Esto, en mi opinión, puede ser muy valioso cuando nos encontramos en situaciones similares, sintiendo que la vida nos está dando señales, es crucial detenernos y cocinar. ¿Por qué vemos el mundo de esta manera? Ya que puede ser un reflejo de nuestros deseos o miedos más profundos.","His desires faced the reality of his feelings and chose to have everything before it was too late. This, in my opinion, can be very valuable when we find ourselves in similar situations, feeling that life is giving us signs, it is crucial to stop and cook. Why do we see the world this way? Since it can be a reflection of our deepest desires or fears."
"Y sí, quizás esta percepción puede estar influenciada por el sesgo de confirmación, donde tendemos a notar y dar importancia solo a aquellos aspectos de nuestro entorno que alinean con nuestras creencias o deseos internos. Sin embargo, no por eso son menos importantes las señales de hecho, al contrario, pudieran ser una llamada de escuchar lo que realmente estamos tratando de decirnos a nosotros mismos.","And yes, perhaps this perception may be influenced by confirmation bias, where we tend to notice and give importance to only those aspects of our environment that align with our internal beliefs or desires. However, factual signals are no less important; on the contrary, they could be a call to listen to what we are really trying to tell ourselves."
"Estas interpretaciones personales, más allá de que sea mensajes del universo o no, son reflejos de nuestros deseos, hablándonos así que si nos llega a suceder, podríamos considerar lo que realmente queremos o aquello que sabemos que debemos hacer, mediante un proceso de retrospección brutalmente honesto con nosotros mismos, debido a que quizás muchas veces la vida nos da las señales, pero somos nosotros los que proyectamos nuestros deseos y necesidades en el lienzo del mundo.","These personal interpretations, regardless of whether they are messages from the universe or not, are reflections of our desires, speaking to us so that if it happens to us, we could consider what we really want or what we know we should do, through a process of brutal retrospection. honest with ourselves, because perhaps many times life gives us the signs, but we are the ones who project our desires and needs on the canvas of the world."
"Sin prometida y sin alma gemela, el amigo de Jonathan le redacta una carta necrológica en la que concluye que para estar en armonía con el universo es esencial tener una fe profunda en lo que se denomina destino. Al final te doy mi interpretación de esto. Después de leer esta Carta, Jonathan termina en la misma pista de patinaje de aquella noche, así que toma asiento para contemplar.","Without a fiancée and without a soul mate, Jonathan's friend writes him an obituary letter in which he concludes that to be in harmony with the universe it is essential to have a deep faith in what is called destiny. In the end I give you my interpretation of this. After reading this Letter, Jonathan ends up at the same skating rink as that night, so he takes a seat to contemplate."
"A la par. Sara se despide de su amiga y nota que olvidó su chamarra en algún lado. Y ese lado es en la misma banca en la que Jonathan está sentado. El hombre, sin saber qué es de Sara, la toma casi por instinto y camina hasta el medio de la pista para sentarse. Mira su guante con nostalgia, ya que sabe que tanto al guante como él mismo les hace falta su par, mismo que perdieron hace muchos años.","At par. Sara says goodbye to her friend and notices that she forgot her jacket somewhere. And that side is on the same bench that Jonathan is sitting on. The man, not knowing what is with Sara, takes it almost by instinct and walks to the middle of the court to sit down. He looks at his glove with nostalgia, since he knows that both the glove and himself are missing his pair, which they lost many years ago."
"El chico se recuesta quemar las horas, pero en eso un extraño objeto cae del cielo. Jonathan toma el objeto y se da cuenta de que es un guante exactamente igual al suyo. Abrumado, se detiene, voltea lentamente a su espalda y ve azar igual de hermosa en la que la noche en la que un juntos empezó a existir.","The boy lies down to burn the hours, but just then a strange object falls from the sky. Jonathan takes the object and realizes that it is a glove exactly like his. Overwhelmed, he stops, slowly turns around behind him and sees chance just as beautiful as the night in which they began to exist together."
"Jonathan Se levanta, Sara se acerca tímidamente a la vez que el rostro de Jonathan de Ramones. Cuántas lágrimas. Ya no importa si solo fue coincidencia o así lo que hizo el destino. ¿Lo importante es que una vez más ambos estuvieron en el lugar indicado en el momento indicado y ahora la pregunta de la película, su destino estaba escrito en las estrellas y el universo conspiró para que ellos pudieran estar juntos o fueron las decisiones voluntarias de ellos quienes los juntaron?","Jonathan gets up, Sara timidly approaches the Ramones' Jonathan's face at the same time. How many tears. It no longer matters if it was just a coincidence or what fate did. The important thing is that once again they were both in the right place at the right time and now the question of the movie, their destiny was written in the stars and the universe conspired so that they could be together or were they their voluntary decisions? Who put them together?"
"Para mí la respuesta está en el punto medio. ¿Te explico, definitivamente hay cosas que no podemos controlar, ya eso es a lo que le solemos llamar universo, Dios, suerte o destino? La suma del todo, el funcionamiento del universo, las decisiones externas todo aquello que no controlamos configura la. Serie de circunstancias que se nos ponen enfrente pero, esto no es determinante porque nosotros a final de cuentas decidimos.","For me the answer is somewhere in the middle. Can I explain to you, there are definitely things that we cannot control, since that is what we usually call the universe, God, luck or destiny? The sum of the whole, the functioning of the universe, external decisions, everything that we do not control shapes the. Series of circumstances that are put in front of us, but this is not decisive because at the end of the day we decide."
"Interactuar con estas configuraciones y nuestra interacción con ellas va a determinar una nueva configuración de variables. Sí, el mundo los puso enfrente y les puso todas estas señales, pero fueron ellos quienes actuaron sobre ellas. Sara eligió voluntariamente tomar un vuelo hacia New York en busca de Jonathan, Jonathan decidió cancelar su boda.","Interacting with these configurations and our interaction with them will determine a new configuration of variables. Yes, the world put them in front of them and gave them all these signs, but they were the ones who acted on them. Sara voluntarily chose to take a flight to New York in search of Jonathan, Jonathan decided to cancel his wedding."
"Tomando todo esto en cuenta, quizás la virtud no esté en esta filosofía de decir, pues que pase lo que tenga que pasar, yo aquí me quedo esperando, sino quizás en decir haré lo que a mí me corresponde y que pase lo que tenga que pasar. Al final de esta historia, Sarah y Jonathan se acercan y ambos se extienden su mano para presentarse.","Taking all this into account, perhaps virtue is not in this philosophy of saying, well, whatever has to happen, I will stay here waiting, but perhaps in saying I will do what belongs to me and let whatever has to happen happen. pass. At the end of this story, Sarah and Jonathan approach each other and both extend their hands to introduce themselves."
"Una vez más se miran fijamente a los ojos y entonces se dan el beso más esperado de sus vidas, dando inicio a un nuevo comienzo. Creo que si con algo nos podemos quedar es con la síntesis, dejarle a Dios universo destino, suerte las cosas que escapen nuestro control para poder continuar tranquilos, pero también saber reconocer las cosas sobre las que sí tenemos control y actuar para cambiar aquello que esté en nuestras manos.","Once again they stare into each other's eyes and then give each other the most anticipated kiss of their lives, beginning a new beginning. I think that if there is one thing we can keep, it is the synthesis, leaving the destiny of the universe to God, the fate of the things that are beyond our control so that we can continue calmly, but also knowing how to recognize the things over which we do have control and act to change what is in our hands."
